cluster_id	sample_name	n_cells	cluster_total	pct_in_cluster
"0"	"GSM4710689_PDAC_TISSUE_1"	98	4734	0.0207013096746937
"0"	"GSM4710690_PDAC_TISSUE_2"	33	4734	0.00697084917617237
"0"	"GSM4710691_PDAC_TISSUE_3"	511	4734	0.10794254330376
"0"	"GSM4710692_PDAC_TISSUE_4"	238	4734	0.0502746092099704
"0"	"GSM4710693_PDAC_TISSUE_5"	60	4734	0.0126742712294043
"0"	"GSM4710694_PDAC_TISSUE_6"	247	4734	0.0521757498943811
"0"	"GSM4710695_PDAC_TISSUE_7"	1169	4734	0.246937051119561
"0"	"GSM4710696_PDAC_TISSUE_8"	569	4734	0.120194338825518
"0"	"GSM4710697_PDAC_TISSUE_9"	238	4734	0.0502746092099704
"0"	"GSM4710698_PDAC_TISSUE_10"	262	4734	0.0553443177017322
"0"	"GSM4710699_PDAC_TISSUE_11A"	39	4734	0.0082382762991128
"0"	"GSM4710700_PDAC_TISSUE_11B"	178	4734	0.0376003379805661
"0"	"GSM4710701_PDAC_TISSUE_12"	107	4734	0.0226024503591044
"0"	"GSM4710702_PDAC_TISSUE_13"	324	4734	0.0684410646387833
"0"	"GSM4710703_PDAC_TISSUE_14"	299	4734	0.0631601182931982
"0"	"GSM4710704_PDAC_TISSUE_15"	332	4734	0.0701309674693705
"0"	"GSM4710705_PDAC_TISSUE_16"	30	4734	0.00633713561470215
"1"	"GSM4710689_PDAC_TISSUE_1"	48	3072	0.015625
"1"	"GSM4710690_PDAC_TISSUE_2"	36	3072	0.01171875
"1"	"GSM4710691_PDAC_TISSUE_3"	269	3072	0.0875651041666667
"1"	"GSM4710692_PDAC_TISSUE_4"	140	3072	0.0455729166666667
"1"	"GSM4710693_PDAC_TISSUE_5"	55	3072	0.0179036458333333
"1"	"GSM4710694_PDAC_TISSUE_6"	230	3072	0.0748697916666667
"1"	"GSM4710695_PDAC_TISSUE_7"	646	3072	0.210286458333333
"1"	"GSM4710696_PDAC_TISSUE_8"	775	3072	0.252278645833333
"1"	"GSM4710697_PDAC_TISSUE_9"	121	3072	0.0393880208333333
"1"	"GSM4710698_PDAC_TISSUE_10"	236	3072	0.0768229166666667
"1"	"GSM4710699_PDAC_TISSUE_11A"	1	3072	0.000325520833333333
"1"	"GSM4710700_PDAC_TISSUE_11B"	30	3072	0.009765625
"1"	"GSM4710701_PDAC_TISSUE_12"	68	3072	0.0221354166666667
"1"	"GSM4710702_PDAC_TISSUE_13"	180	3072	0.05859375
"1"	"GSM4710703_PDAC_TISSUE_14"	64	3072	0.0208333333333333
"1"	"GSM4710704_PDAC_TISSUE_15"	164	3072	0.0533854166666667
"1"	"GSM4710705_PDAC_TISSUE_16"	9	3072	0.0029296875
"10"	"GSM4710689_PDAC_TISSUE_1"	66	1475	0.0447457627118644
"10"	"GSM4710690_PDAC_TISSUE_2"	59	1475	0.04
"10"	"GSM4710691_PDAC_TISSUE_3"	170	1475	0.115254237288136
"10"	"GSM4710692_PDAC_TISSUE_4"	159	1475	0.107796610169492
"10"	"GSM4710693_PDAC_TISSUE_5"	139	1475	0.0942372881355932
"10"	"GSM4710694_PDAC_TISSUE_6"	43	1475	0.0291525423728814
"10"	"GSM4710695_PDAC_TISSUE_7"	6	1475	0.00406779661016949
"10"	"GSM4710696_PDAC_TISSUE_8"	40	1475	0.0271186440677966
"10"	"GSM4710697_PDAC_TISSUE_9"	164	1475	0.111186440677966
"10"	"GSM4710698_PDAC_TISSUE_10"	1	1475	0.000677966101694915
"10"	"GSM4710699_PDAC_TISSUE_11A"	9	1475	0.00610169491525424
"10"	"GSM4710700_PDAC_TISSUE_11B"	120	1475	0.0813559322033898
"10"	"GSM4710701_PDAC_TISSUE_12"	70	1475	0.0474576271186441
"10"	"GSM4710702_PDAC_TISSUE_13"	97	1475	0.0657627118644068
"10"	"GSM4710703_PDAC_TISSUE_14"	49	1475	0.0332203389830508
"10"	"GSM4710704_PDAC_TISSUE_15"	281	1475	0.190508474576271
"10"	"GSM4710705_PDAC_TISSUE_16"	2	1475	0.00135593220338983
"11"	"GSM4710689_PDAC_TISSUE_1"	9	1379	0.00652646845540247
"11"	"GSM4710690_PDAC_TISSUE_2"	6	1379	0.00435097897026831
"11"	"GSM4710692_PDAC_TISSUE_4"	238	1379	0.17258883248731
"11"	"GSM4710693_PDAC_TISSUE_5"	11	1379	0.00797679477882524
"11"	"GSM4710694_PDAC_TISSUE_6"	3	1379	0.00217548948513416
"11"	"GSM4710695_PDAC_TISSUE_7"	182	1379	0.131979695431472
"11"	"GSM4710697_PDAC_TISSUE_9"	9	1379	0.00652646845540247
"11"	"GSM4710698_PDAC_TISSUE_10"	1	1379	0.000725163161711385
"11"	"GSM4710699_PDAC_TISSUE_11A"	382	1379	0.277012327773749
"11"	"GSM4710700_PDAC_TISSUE_11B"	7	1379	0.0050761421319797
"11"	"GSM4710701_PDAC_TISSUE_12"	275	1379	0.199419869470631
"11"	"GSM4710702_PDAC_TISSUE_13"	28	1379	0.0203045685279188
"11"	"GSM4710703_PDAC_TISSUE_14"	104	1379	0.075416968817984
"11"	"GSM4710704_PDAC_TISSUE_15"	124	1379	0.0899202320522118
"12"	"GSM4710689_PDAC_TISSUE_1"	47	1268	0.0370662460567823
"12"	"GSM4710690_PDAC_TISSUE_2"	71	1268	0.055993690851735
"12"	"GSM4710691_PDAC_TISSUE_3"	76	1268	0.0599369085173502
"12"	"GSM4710692_PDAC_TISSUE_4"	147	1268	0.115930599369085
"12"	"GSM4710693_PDAC_TISSUE_5"	112	1268	0.0883280757097792
"12"	"GSM4710694_PDAC_TISSUE_6"	53	1268	0.0417981072555205
"12"	"GSM4710695_PDAC_TISSUE_7"	90	1268	0.0709779179810726
"12"	"GSM4710696_PDAC_TISSUE_8"	80	1268	0.0630914826498423
"12"	"GSM4710697_PDAC_TISSUE_9"	239	1268	0.188485804416404
"12"	"GSM4710698_PDAC_TISSUE_10"	15	1268	0.0118296529968454
"12"	"GSM4710699_PDAC_TISSUE_11A"	2	1268	0.00157728706624606
"12"	"GSM4710700_PDAC_TISSUE_11B"	41	1268	0.0323343848580442
"12"	"GSM4710701_PDAC_TISSUE_12"	33	1268	0.0260252365930599
"12"	"GSM4710702_PDAC_TISSUE_13"	89	1268	0.0701892744479495
"12"	"GSM4710703_PDAC_TISSUE_14"	28	1268	0.0220820189274448
"12"	"GSM4710704_PDAC_TISSUE_15"	142	1268	0.11198738170347
"12"	"GSM4710705_PDAC_TISSUE_16"	3	1268	0.00236593059936909
"13"	"GSM4710689_PDAC_TISSUE_1"	1	1202	0.000831946755407654
"13"	"GSM4710690_PDAC_TISSUE_2"	63	1202	0.0524126455906822
"13"	"GSM4710691_PDAC_TISSUE_3"	20	1202	0.0166389351081531
"13"	"GSM4710692_PDAC_TISSUE_4"	72	1202	0.0599001663893511
"13"	"GSM4710693_PDAC_TISSUE_5"	84	1202	0.0698835274542429
"13"	"GSM4710694_PDAC_TISSUE_6"	16	1202	0.0133111480865225
"13"	"GSM4710695_PDAC_TISSUE_7"	388	1202	0.32279534109817
"13"	"GSM4710696_PDAC_TISSUE_8"	358	1202	0.29783693843594
"13"	"GSM4710697_PDAC_TISSUE_9"	5	1202	0.00415973377703827
"13"	"GSM4710698_PDAC_TISSUE_10"	4	1202	0.00332778702163062
"13"	"GSM4710700_PDAC_TISSUE_11B"	10	1202	0.00831946755407654
"13"	"GSM4710702_PDAC_TISSUE_13"	41	1202	0.0341098169717138
"13"	"GSM4710703_PDAC_TISSUE_14"	4	1202	0.00332778702163062
"13"	"GSM4710704_PDAC_TISSUE_15"	108	1202	0.0898502495840266
"13"	"GSM4710705_PDAC_TISSUE_16"	28	1202	0.0232945091514143
"14"	"GSM4710689_PDAC_TISSUE_1"	8	1056	0.00757575757575758
"14"	"GSM4710690_PDAC_TISSUE_2"	9	1056	0.00852272727272727
"14"	"GSM4710691_PDAC_TISSUE_3"	7	1056	0.00662878787878788
"14"	"GSM4710692_PDAC_TISSUE_4"	2	1056	0.00189393939393939
"14"	"GSM4710693_PDAC_TISSUE_5"	1	1056	0.000946969696969697
"14"	"GSM4710694_PDAC_TISSUE_6"	2	1056	0.00189393939393939
"14"	"GSM4710695_PDAC_TISSUE_7"	746	1056	0.706439393939394
"14"	"GSM4710696_PDAC_TISSUE_8"	242	1056	0.229166666666667
"14"	"GSM4710697_PDAC_TISSUE_9"	2	1056	0.00189393939393939
"14"	"GSM4710698_PDAC_TISSUE_10"	15	1056	0.0142045454545455
"14"	"GSM4710700_PDAC_TISSUE_11B"	3	1056	0.00284090909090909
"14"	"GSM4710702_PDAC_TISSUE_13"	2	1056	0.00189393939393939
"14"	"GSM4710704_PDAC_TISSUE_15"	13	1056	0.0123106060606061
"14"	"GSM4710705_PDAC_TISSUE_16"	4	1056	0.00378787878787879
"15"	"GSM4710689_PDAC_TISSUE_1"	13	1053	0.0123456790123457
"15"	"GSM4710690_PDAC_TISSUE_2"	3	1053	0.00284900284900285
"15"	"GSM4710691_PDAC_TISSUE_3"	155	1053	0.147198480531814
"15"	"GSM4710692_PDAC_TISSUE_4"	29	1053	0.0275403608736942
"15"	"GSM4710693_PDAC_TISSUE_5"	6	1053	0.0056980056980057
"15"	"GSM4710694_PDAC_TISSUE_6"	414	1053	0.393162393162393
"15"	"GSM4710695_PDAC_TISSUE_7"	86	1053	0.0816714150047483
"15"	"GSM4710696_PDAC_TISSUE_8"	158	1053	0.150047483380817
"15"	"GSM4710697_PDAC_TISSUE_9"	23	1053	0.0218423551756885
"15"	"GSM4710698_PDAC_TISSUE_10"	38	1053	0.0360873694207028
"15"	"GSM4710699_PDAC_TISSUE_11A"	21	1053	0.0199430199430199
"15"	"GSM4710700_PDAC_TISSUE_11B"	31	1053	0.0294396961063628
"15"	"GSM4710701_PDAC_TISSUE_12"	12	1053	0.0113960113960114
"15"	"GSM4710702_PDAC_TISSUE_13"	18	1053	0.0170940170940171
"15"	"GSM4710703_PDAC_TISSUE_14"	21	1053	0.0199430199430199
"15"	"GSM4710704_PDAC_TISSUE_15"	20	1053	0.0189933523266857
"15"	"GSM4710705_PDAC_TISSUE_16"	5	1053	0.00474833808167142
"16"	"GSM4710689_PDAC_TISSUE_1"	3	1037	0.00289296046287367
"16"	"GSM4710690_PDAC_TISSUE_2"	7	1037	0.00675024108003857
"16"	"GSM4710691_PDAC_TISSUE_3"	2	1037	0.00192864030858245
"16"	"GSM4710693_PDAC_TISSUE_5"	3	1037	0.00289296046287367
"16"	"GSM4710694_PDAC_TISSUE_6"	633	1037	0.610414657666345
"16"	"GSM4710695_PDAC_TISSUE_7"	3	1037	0.00289296046287367
"16"	"GSM4710696_PDAC_TISSUE_8"	367	1037	0.35390549662488
"16"	"GSM4710697_PDAC_TISSUE_9"	4	1037	0.0038572806171649
"16"	"GSM4710698_PDAC_TISSUE_10"	6	1037	0.00578592092574735
"16"	"GSM4710699_PDAC_TISSUE_11A"	1	1037	0.000964320154291225
"16"	"GSM4710700_PDAC_TISSUE_11B"	6	1037	0.00578592092574735
"16"	"GSM4710703_PDAC_TISSUE_14"	2	1037	0.00192864030858245
"17"	"GSM4710689_PDAC_TISSUE_1"	30	1005	0.0298507462686567
"17"	"GSM4710690_PDAC_TISSUE_2"	16	1005	0.0159203980099502
"17"	"GSM4710691_PDAC_TISSUE_3"	511	1005	0.508457711442786
"17"	"GSM4710692_PDAC_TISSUE_4"	58	1005	0.0577114427860697
"17"	"GSM4710693_PDAC_TISSUE_5"	81	1005	0.0805970149253731
"17"	"GSM4710694_PDAC_TISSUE_6"	11	1005	0.0109452736318408
"17"	"GSM4710695_PDAC_TISSUE_7"	77	1005	0.0766169154228856
"17"	"GSM4710696_PDAC_TISSUE_8"	26	1005	0.0258706467661692
"17"	"GSM4710697_PDAC_TISSUE_9"	18	1005	0.017910447761194
"17"	"GSM4710698_PDAC_TISSUE_10"	8	1005	0.00796019900497512
"17"	"GSM4710699_PDAC_TISSUE_11A"	62	1005	0.0616915422885572
"17"	"GSM4710700_PDAC_TISSUE_11B"	12	1005	0.0119402985074627
"17"	"GSM4710701_PDAC_TISSUE_12"	1	1005	0.00099502487562189
"17"	"GSM4710702_PDAC_TISSUE_13"	47	1005	0.0467661691542289
"17"	"GSM4710703_PDAC_TISSUE_14"	3	1005	0.00298507462686567
"17"	"GSM4710704_PDAC_TISSUE_15"	34	1005	0.0338308457711443
"17"	"GSM4710705_PDAC_TISSUE_16"	10	1005	0.0099502487562189
"18"	"GSM4710689_PDAC_TISSUE_1"	1	794	0.00125944584382872
"18"	"GSM4710690_PDAC_TISSUE_2"	3	794	0.00377833753148615
"18"	"GSM4710691_PDAC_TISSUE_3"	3	794	0.00377833753148615
"18"	"GSM4710692_PDAC_TISSUE_4"	11	794	0.0138539042821159
"18"	"GSM4710693_PDAC_TISSUE_5"	22	794	0.0277078085642317
"18"	"GSM4710694_PDAC_TISSUE_6"	30	794	0.0377833753148615
"18"	"GSM4710695_PDAC_TISSUE_7"	50	794	0.0629722921914358
"18"	"GSM4710696_PDAC_TISSUE_8"	14	794	0.017632241813602
"18"	"GSM4710697_PDAC_TISSUE_9"	119	794	0.149874055415617
"18"	"GSM4710698_PDAC_TISSUE_10"	16	794	0.0201511335012594
"18"	"GSM4710699_PDAC_TISSUE_11A"	467	794	0.58816120906801
"18"	"GSM4710700_PDAC_TISSUE_11B"	19	794	0.0239294710327456
"18"	"GSM4710701_PDAC_TISSUE_12"	9	794	0.0113350125944584
"18"	"GSM4710702_PDAC_TISSUE_13"	19	794	0.0239294710327456
"18"	"GSM4710703_PDAC_TISSUE_14"	1	794	0.00125944584382872
"18"	"GSM4710704_PDAC_TISSUE_15"	10	794	0.0125944584382872
"19"	"GSM4710699_PDAC_TISSUE_11A"	3	788	0.00380710659898477
"19"	"GSM4710700_PDAC_TISSUE_11B"	3	788	0.00380710659898477
"19"	"GSM4710701_PDAC_TISSUE_12"	1	788	0.00126903553299492
"19"	"GSM4710704_PDAC_TISSUE_15"	1	788	0.00126903553299492
"19"	"GSM4710705_PDAC_TISSUE_16"	780	788	0.989847715736041
"2"	"GSM4710689_PDAC_TISSUE_1"	40	3063	0.0130590923930787
"2"	"GSM4710690_PDAC_TISSUE_2"	43	3063	0.0140385243225596
"2"	"GSM4710691_PDAC_TISSUE_3"	13	3063	0.00424420502775057
"2"	"GSM4710692_PDAC_TISSUE_4"	78	3063	0.0254652301665034
"2"	"GSM4710693_PDAC_TISSUE_5"	163	3063	0.0532158015017956
"2"	"GSM4710694_PDAC_TISSUE_6"	21	3063	0.00685602350636631
"2"	"GSM4710695_PDAC_TISSUE_7"	1360	3063	0.444009141364675
"2"	"GSM4710696_PDAC_TISSUE_8"	440	3063	0.143650016323865
"2"	"GSM4710697_PDAC_TISSUE_9"	35	3063	0.0114267058439438
"2"	"GSM4710698_PDAC_TISSUE_10"	35	3063	0.0114267058439438
"2"	"GSM4710699_PDAC_TISSUE_11A"	5	3063	0.00163238654913484
"2"	"GSM4710700_PDAC_TISSUE_11B"	64	3063	0.0208945478289259
"2"	"GSM4710701_PDAC_TISSUE_12"	74	3063	0.0241593209271956
"2"	"GSM4710702_PDAC_TISSUE_13"	171	3063	0.0558276199804114
"2"	"GSM4710703_PDAC_TISSUE_14"	2	3063	0.000652954619653934
"2"	"GSM4710704_PDAC_TISSUE_15"	500	3063	0.163238654913484
"2"	"GSM4710705_PDAC_TISSUE_16"	19	3063	0.00620306888671237
"20"	"GSM4710689_PDAC_TISSUE_1"	4	738	0.00542005420054201
"20"	"GSM4710690_PDAC_TISSUE_2"	4	738	0.00542005420054201
"20"	"GSM4710691_PDAC_TISSUE_3"	4	738	0.00542005420054201
"20"	"GSM4710692_PDAC_TISSUE_4"	41	738	0.0555555555555556
"20"	"GSM4710693_PDAC_TISSUE_5"	3	738	0.0040650406504065
"20"	"GSM4710694_PDAC_TISSUE_6"	2	738	0.002710027100271
"20"	"GSM4710695_PDAC_TISSUE_7"	610	738	0.826558265582656
"20"	"GSM4710696_PDAC_TISSUE_8"	47	738	0.0636856368563686
"20"	"GSM4710697_PDAC_TISSUE_9"	2	738	0.002710027100271
"20"	"GSM4710698_PDAC_TISSUE_10"	1	738	0.0013550135501355
"20"	"GSM4710699_PDAC_TISSUE_11A"	2	738	0.002710027100271
"20"	"GSM4710700_PDAC_TISSUE_11B"	11	738	0.0149051490514905
"20"	"GSM4710702_PDAC_TISSUE_13"	2	738	0.002710027100271
"20"	"GSM4710703_PDAC_TISSUE_14"	1	738	0.0013550135501355
"20"	"GSM4710704_PDAC_TISSUE_15"	2	738	0.002710027100271
"20"	"GSM4710705_PDAC_TISSUE_16"	2	738	0.002710027100271
"21"	"GSM4710689_PDAC_TISSUE_1"	199	723	0.275242047026279
"21"	"GSM4710690_PDAC_TISSUE_2"	7	723	0.00968188105117566
"21"	"GSM4710691_PDAC_TISSUE_3"	22	723	0.0304287690179806
"21"	"GSM4710692_PDAC_TISSUE_4"	22	723	0.0304287690179806
"21"	"GSM4710693_PDAC_TISSUE_5"	27	723	0.037344398340249
"21"	"GSM4710694_PDAC_TISSUE_6"	87	723	0.120331950207469
"21"	"GSM4710695_PDAC_TISSUE_7"	59	723	0.0816044260027663
"21"	"GSM4710696_PDAC_TISSUE_8"	41	723	0.0567081604426003
"21"	"GSM4710697_PDAC_TISSUE_9"	50	723	0.0691562932226833
"21"	"GSM4710698_PDAC_TISSUE_10"	12	723	0.016597510373444
"21"	"GSM4710699_PDAC_TISSUE_11A"	4	723	0.00553250345781466
"21"	"GSM4710700_PDAC_TISSUE_11B"	23	723	0.0318118948824343
"21"	"GSM4710701_PDAC_TISSUE_12"	28	723	0.0387275242047026
"21"	"GSM4710702_PDAC_TISSUE_13"	59	723	0.0816044260027663
"21"	"GSM4710703_PDAC_TISSUE_14"	11	723	0.0152143845089903
"21"	"GSM4710704_PDAC_TISSUE_15"	70	723	0.0968188105117566
"21"	"GSM4710705_PDAC_TISSUE_16"	2	723	0.00276625172890733
"22"	"GSM4710690_PDAC_TISSUE_2"	2	593	0.00337268128161889
"22"	"GSM4710691_PDAC_TISSUE_3"	9	593	0.015177065767285
"22"	"GSM4710692_PDAC_TISSUE_4"	22	593	0.0370994940978078
"22"	"GSM4710693_PDAC_TISSUE_5"	19	593	0.0320404721753794
"22"	"GSM4710694_PDAC_TISSUE_6"	13	593	0.0219224283305228
"22"	"GSM4710695_PDAC_TISSUE_7"	214	593	0.360876897133221
"22"	"GSM4710696_PDAC_TISSUE_8"	183	593	0.308600337268128
"22"	"GSM4710697_PDAC_TISSUE_9"	27	593	0.045531197301855
"22"	"GSM4710698_PDAC_TISSUE_10"	13	593	0.0219224283305228
"22"	"GSM4710699_PDAC_TISSUE_11A"	22	593	0.0370994940978078
"22"	"GSM4710700_PDAC_TISSUE_11B"	10	593	0.0168634064080944
"22"	"GSM4710701_PDAC_TISSUE_12"	6	593	0.0101180438448567
"22"	"GSM4710702_PDAC_TISSUE_13"	21	593	0.0354131534569983
"22"	"GSM4710703_PDAC_TISSUE_14"	1	593	0.00168634064080944
"22"	"GSM4710704_PDAC_TISSUE_15"	27	593	0.045531197301855
"22"	"GSM4710705_PDAC_TISSUE_16"	4	593	0.00674536256323777
"23"	"GSM4710690_PDAC_TISSUE_2"	71	531	0.133709981167608
"23"	"GSM4710691_PDAC_TISSUE_3"	4	531	0.00753295668549906
"23"	"GSM4710692_PDAC_TISSUE_4"	22	531	0.0414312617702448
"23"	"GSM4710693_PDAC_TISSUE_5"	30	531	0.0564971751412429
"23"	"GSM4710694_PDAC_TISSUE_6"	45	531	0.0847457627118644
"23"	"GSM4710695_PDAC_TISSUE_7"	86	531	0.16195856873823
"23"	"GSM4710696_PDAC_TISSUE_8"	41	531	0.0772128060263654
"23"	"GSM4710697_PDAC_TISSUE_9"	42	531	0.0790960451977401
"23"	"GSM4710698_PDAC_TISSUE_10"	13	531	0.0244821092278719
"23"	"GSM4710699_PDAC_TISSUE_11A"	130	531	0.244821092278719
"23"	"GSM4710700_PDAC_TISSUE_11B"	8	531	0.0150659133709981
"23"	"GSM4710701_PDAC_TISSUE_12"	9	531	0.0169491525423729
"23"	"GSM4710702_PDAC_TISSUE_13"	13	531	0.0244821092278719
"23"	"GSM4710703_PDAC_TISSUE_14"	3	531	0.00564971751412429
"23"	"GSM4710704_PDAC_TISSUE_15"	11	531	0.0207156308851224
"23"	"GSM4710705_PDAC_TISSUE_16"	3	531	0.00564971751412429
"24"	"GSM4710689_PDAC_TISSUE_1"	5	504	0.00992063492063492
"24"	"GSM4710690_PDAC_TISSUE_2"	2	504	0.00396825396825397
"24"	"GSM4710691_PDAC_TISSUE_3"	2	504	0.00396825396825397
"24"	"GSM4710692_PDAC_TISSUE_4"	205	504	0.406746031746032
"24"	"GSM4710693_PDAC_TISSUE_5"	74	504	0.146825396825397
"24"	"GSM4710694_PDAC_TISSUE_6"	13	504	0.0257936507936508
"24"	"GSM4710695_PDAC_TISSUE_7"	5	504	0.00992063492063492
"24"	"GSM4710696_PDAC_TISSUE_8"	4	504	0.00793650793650794
"24"	"GSM4710697_PDAC_TISSUE_9"	67	504	0.132936507936508
"24"	"GSM4710698_PDAC_TISSUE_10"	8	504	0.0158730158730159
"24"	"GSM4710699_PDAC_TISSUE_11A"	6	504	0.0119047619047619
"24"	"GSM4710700_PDAC_TISSUE_11B"	3	504	0.00595238095238095
"24"	"GSM4710701_PDAC_TISSUE_12"	102	504	0.202380952380952
"24"	"GSM4710703_PDAC_TISSUE_14"	2	504	0.00396825396825397
"24"	"GSM4710704_PDAC_TISSUE_15"	4	504	0.00793650793650794
"24"	"GSM4710705_PDAC_TISSUE_16"	2	504	0.00396825396825397
"25"	"GSM4710689_PDAC_TISSUE_1"	2	462	0.00432900432900433
"25"	"GSM4710690_PDAC_TISSUE_2"	15	462	0.0324675324675325
"25"	"GSM4710691_PDAC_TISSUE_3"	4	462	0.00865800865800866
"25"	"GSM4710692_PDAC_TISSUE_4"	92	462	0.199134199134199
"25"	"GSM4710693_PDAC_TISSUE_5"	4	462	0.00865800865800866
"25"	"GSM4710694_PDAC_TISSUE_6"	4	462	0.00865800865800866
"25"	"GSM4710695_PDAC_TISSUE_7"	20	462	0.0432900432900433
"25"	"GSM4710696_PDAC_TISSUE_8"	4	462	0.00865800865800866
"25"	"GSM4710697_PDAC_TISSUE_9"	8	462	0.0173160173160173
"25"	"GSM4710699_PDAC_TISSUE_11A"	84	462	0.181818181818182
"25"	"GSM4710701_PDAC_TISSUE_12"	22	462	0.0476190476190476
"25"	"GSM4710702_PDAC_TISSUE_13"	2	462	0.00432900432900433
"25"	"GSM4710703_PDAC_TISSUE_14"	6	462	0.012987012987013
"25"	"GSM4710704_PDAC_TISSUE_15"	195	462	0.422077922077922
"26"	"GSM4710689_PDAC_TISSUE_1"	107	423	0.252955082742317
"26"	"GSM4710692_PDAC_TISSUE_4"	3	423	0.00709219858156028
"26"	"GSM4710695_PDAC_TISSUE_7"	2	423	0.00472813238770686
"26"	"GSM4710697_PDAC_TISSUE_9"	1	423	0.00236406619385343
"26"	"GSM4710704_PDAC_TISSUE_15"	310	423	0.732860520094563
"27"	"GSM4710690_PDAC_TISSUE_2"	7	301	0.0232558139534884
"27"	"GSM4710691_PDAC_TISSUE_3"	5	301	0.0166112956810631
"27"	"GSM4710692_PDAC_TISSUE_4"	78	301	0.259136212624585
"27"	"GSM4710693_PDAC_TISSUE_5"	14	301	0.0465116279069768
"27"	"GSM4710694_PDAC_TISSUE_6"	3	301	0.00996677740863787
"27"	"GSM4710695_PDAC_TISSUE_7"	112	301	0.372093023255814
"27"	"GSM4710696_PDAC_TISSUE_8"	29	301	0.0963455149501661
"27"	"GSM4710697_PDAC_TISSUE_9"	8	301	0.026578073089701
"27"	"GSM4710698_PDAC_TISSUE_10"	1	301	0.00332225913621262
"27"	"GSM4710699_PDAC_TISSUE_11A"	27	301	0.0897009966777409
"27"	"GSM4710700_PDAC_TISSUE_11B"	4	301	0.0132890365448505
"27"	"GSM4710701_PDAC_TISSUE_12"	3	301	0.00996677740863787
"27"	"GSM4710702_PDAC_TISSUE_13"	2	301	0.00664451827242525
"27"	"GSM4710703_PDAC_TISSUE_14"	2	301	0.00664451827242525
"27"	"GSM4710704_PDAC_TISSUE_15"	5	301	0.0166112956810631
"27"	"GSM4710705_PDAC_TISSUE_16"	1	301	0.00332225913621262
"28"	"GSM4710689_PDAC_TISSUE_1"	4	261	0.0153256704980843
"28"	"GSM4710690_PDAC_TISSUE_2"	2	261	0.00766283524904215
"28"	"GSM4710691_PDAC_TISSUE_3"	2	261	0.00766283524904215
"28"	"GSM4710692_PDAC_TISSUE_4"	3	261	0.0114942528735632
"28"	"GSM4710693_PDAC_TISSUE_5"	7	261	0.0268199233716475
"28"	"GSM4710694_PDAC_TISSUE_6"	8	261	0.0306513409961686
"28"	"GSM4710695_PDAC_TISSUE_7"	99	261	0.379310344827586
"28"	"GSM4710696_PDAC_TISSUE_8"	62	261	0.237547892720307
"28"	"GSM4710697_PDAC_TISSUE_9"	5	261	0.0191570881226054
"28"	"GSM4710698_PDAC_TISSUE_10"	5	261	0.0191570881226054
"28"	"GSM4710699_PDAC_TISSUE_11A"	24	261	0.0919540229885057
"28"	"GSM4710700_PDAC_TISSUE_11B"	8	261	0.0306513409961686
"28"	"GSM4710701_PDAC_TISSUE_12"	10	261	0.0383141762452107
"28"	"GSM4710702_PDAC_TISSUE_13"	1	261	0.00383141762452107
"28"	"GSM4710703_PDAC_TISSUE_14"	4	261	0.0153256704980843
"28"	"GSM4710704_PDAC_TISSUE_15"	16	261	0.0613026819923372
"28"	"GSM4710705_PDAC_TISSUE_16"	1	261	0.00383141762452107
"29"	"GSM4710689_PDAC_TISSUE_1"	3	122	0.0245901639344262
"29"	"GSM4710691_PDAC_TISSUE_3"	7	122	0.0573770491803279
"29"	"GSM4710692_PDAC_TISSUE_4"	3	122	0.0245901639344262
"29"	"GSM4710693_PDAC_TISSUE_5"	4	122	0.0327868852459016
"29"	"GSM4710694_PDAC_TISSUE_6"	6	122	0.0491803278688525
"29"	"GSM4710695_PDAC_TISSUE_7"	38	122	0.311475409836066
"29"	"GSM4710696_PDAC_TISSUE_8"	13	122	0.10655737704918
"29"	"GSM4710697_PDAC_TISSUE_9"	8	122	0.0655737704918033
"29"	"GSM4710698_PDAC_TISSUE_10"	14	122	0.114754098360656
"29"	"GSM4710700_PDAC_TISSUE_11B"	7	122	0.0573770491803279
"29"	"GSM4710701_PDAC_TISSUE_12"	3	122	0.0245901639344262
"29"	"GSM4710702_PDAC_TISSUE_13"	5	122	0.040983606557377
"29"	"GSM4710703_PDAC_TISSUE_14"	4	122	0.0327868852459016
"29"	"GSM4710704_PDAC_TISSUE_15"	5	122	0.040983606557377
"29"	"GSM4710705_PDAC_TISSUE_16"	2	122	0.0163934426229508
"3"	"GSM4710689_PDAC_TISSUE_1"	24	2591	0.00926283288305673
"3"	"GSM4710691_PDAC_TISSUE_3"	7	2591	0.00270165959089155
"3"	"GSM4710692_PDAC_TISSUE_4"	12	2591	0.00463141644152837
"3"	"GSM4710693_PDAC_TISSUE_5"	4	2591	0.00154380548050946
"3"	"GSM4710694_PDAC_TISSUE_6"	2	2591	0.000771902740254728
"3"	"GSM4710696_PDAC_TISSUE_8"	1	2591	0.000385951370127364
"3"	"GSM4710697_PDAC_TISSUE_9"	2415	2591	0.932072558857584
"3"	"GSM4710698_PDAC_TISSUE_10"	26	2591	0.0100347356233115
"3"	"GSM4710700_PDAC_TISSUE_11B"	53	2591	0.0204554226167503
"3"	"GSM4710701_PDAC_TISSUE_12"	2	2591	0.000771902740254728
"3"	"GSM4710703_PDAC_TISSUE_14"	16	2591	0.00617522192203782
"3"	"GSM4710704_PDAC_TISSUE_15"	29	2591	0.0111925897336936
"30"	"GSM4710689_PDAC_TISSUE_1"	1	48	0.0208333333333333
"30"	"GSM4710697_PDAC_TISSUE_9"	43	48	0.895833333333333
"30"	"GSM4710698_PDAC_TISSUE_10"	2	48	0.0416666666666667
"30"	"GSM4710700_PDAC_TISSUE_11B"	1	48	0.0208333333333333
"30"	"GSM4710704_PDAC_TISSUE_15"	1	48	0.0208333333333333
"31"	"GSM4710695_PDAC_TISSUE_7"	22	25	0.88
"31"	"GSM4710696_PDAC_TISSUE_8"	3	25	0.12
"4"	"GSM4710689_PDAC_TISSUE_1"	16	2509	0.0063770426464727
"4"	"GSM4710690_PDAC_TISSUE_2"	119	2509	0.0474292546831407
"4"	"GSM4710691_PDAC_TISSUE_3"	43	2509	0.0171383021123954
"4"	"GSM4710692_PDAC_TISSUE_4"	63	2509	0.0251096054204863
"4"	"GSM4710693_PDAC_TISSUE_5"	145	2509	0.0577919489836588
"4"	"GSM4710694_PDAC_TISSUE_6"	26	2509	0.0103626943005181
"4"	"GSM4710695_PDAC_TISSUE_7"	8	2509	0.00318852132323635
"4"	"GSM4710696_PDAC_TISSUE_8"	99	2509	0.0394579513750498
"4"	"GSM4710697_PDAC_TISSUE_9"	137	2509	0.0546034276604225
"4"	"GSM4710698_PDAC_TISSUE_10"	67	2509	0.0267038660821044
"4"	"GSM4710699_PDAC_TISSUE_11A"	1581	2509	0.630131526504584
"4"	"GSM4710700_PDAC_TISSUE_11B"	69	2509	0.0275009964129135
"4"	"GSM4710701_PDAC_TISSUE_12"	7	2509	0.00278995615783181
"4"	"GSM4710702_PDAC_TISSUE_13"	67	2509	0.0267038660821044
"4"	"GSM4710703_PDAC_TISSUE_14"	5	2509	0.00199282582702272
"4"	"GSM4710704_PDAC_TISSUE_15"	50	2509	0.0199282582702272
"4"	"GSM4710705_PDAC_TISSUE_16"	7	2509	0.00278995615783181
"5"	"GSM4710691_PDAC_TISSUE_3"	1	2496	0.000400641025641026
"5"	"GSM4710693_PDAC_TISSUE_5"	4	2496	0.0016025641025641
"5"	"GSM4710697_PDAC_TISSUE_9"	3	2496	0.00120192307692308
"5"	"GSM4710698_PDAC_TISSUE_10"	1	2496	0.000400641025641026
"5"	"GSM4710702_PDAC_TISSUE_13"	2479	2496	0.993189102564103
"5"	"GSM4710704_PDAC_TISSUE_15"	8	2496	0.00320512820512821
"6"	"GSM4710689_PDAC_TISSUE_1"	224	2352	0.0952380952380952
"6"	"GSM4710690_PDAC_TISSUE_2"	59	2352	0.0250850340136054
"6"	"GSM4710691_PDAC_TISSUE_3"	7	2352	0.00297619047619048
"6"	"GSM4710692_PDAC_TISSUE_4"	77	2352	0.0327380952380952
"6"	"GSM4710693_PDAC_TISSUE_5"	44	2352	0.0187074829931973
"6"	"GSM4710694_PDAC_TISSUE_6"	14	2352	0.00595238095238095
"6"	"GSM4710695_PDAC_TISSUE_7"	8	2352	0.00340136054421769
"6"	"GSM4710696_PDAC_TISSUE_8"	15	2352	0.00637755102040816
"6"	"GSM4710697_PDAC_TISSUE_9"	136	2352	0.0578231292517007
"6"	"GSM4710698_PDAC_TISSUE_10"	391	2352	0.166241496598639
"6"	"GSM4710700_PDAC_TISSUE_11B"	901	2352	0.383078231292517
"6"	"GSM4710701_PDAC_TISSUE_12"	51	2352	0.0216836734693878
"6"	"GSM4710702_PDAC_TISSUE_13"	299	2352	0.127125850340136
"6"	"GSM4710703_PDAC_TISSUE_14"	19	2352	0.00807823129251701
"6"	"GSM4710704_PDAC_TISSUE_15"	107	2352	0.0454931972789116
"7"	"GSM4710689_PDAC_TISSUE_1"	68	1719	0.0395578824898197
"7"	"GSM4710690_PDAC_TISSUE_2"	167	1719	0.0971495055264689
"7"	"GSM4710691_PDAC_TISSUE_3"	4	1719	0.00232693426410704
"7"	"GSM4710692_PDAC_TISSUE_4"	1	1719	0.00058173356602676
"7"	"GSM4710693_PDAC_TISSUE_5"	55	1719	0.0319953461314718
"7"	"GSM4710694_PDAC_TISSUE_6"	23	1719	0.0133798720186155
"7"	"GSM4710695_PDAC_TISSUE_7"	15	1719	0.0087260034904014
"7"	"GSM4710696_PDAC_TISSUE_8"	19	1719	0.0110529377545084
"7"	"GSM4710697_PDAC_TISSUE_9"	7	1719	0.00407213496218732
"7"	"GSM4710698_PDAC_TISSUE_10"	5	1719	0.0029086678301338
"7"	"GSM4710699_PDAC_TISSUE_11A"	5	1719	0.0029086678301338
"7"	"GSM4710700_PDAC_TISSUE_11B"	2	1719	0.00116346713205352
"7"	"GSM4710701_PDAC_TISSUE_12"	478	1719	0.278068644560791
"7"	"GSM4710702_PDAC_TISSUE_13"	858	1719	0.49912739965096
"7"	"GSM4710704_PDAC_TISSUE_15"	10	1719	0.0058173356602676
"7"	"GSM4710705_PDAC_TISSUE_16"	2	1719	0.00116346713205352
"8"	"GSM4710689_PDAC_TISSUE_1"	1	1628	0.000614250614250614
"8"	"GSM4710690_PDAC_TISSUE_2"	926	1628	0.568796068796069
"8"	"GSM4710691_PDAC_TISSUE_3"	67	1628	0.0411547911547912
"8"	"GSM4710692_PDAC_TISSUE_4"	15	1628	0.00921375921375921
"8"	"GSM4710693_PDAC_TISSUE_5"	100	1628	0.0614250614250614
"8"	"GSM4710694_PDAC_TISSUE_6"	1	1628	0.000614250614250614
"8"	"GSM4710695_PDAC_TISSUE_7"	12	1628	0.00737100737100737
"8"	"GSM4710696_PDAC_TISSUE_8"	352	1628	0.216216216216216
"8"	"GSM4710697_PDAC_TISSUE_9"	47	1628	0.0288697788697789
"8"	"GSM4710699_PDAC_TISSUE_11A"	1	1628	0.000614250614250614
"8"	"GSM4710700_PDAC_TISSUE_11B"	11	1628	0.00675675675675676
"8"	"GSM4710701_PDAC_TISSUE_12"	4	1628	0.00245700245700246
"8"	"GSM4710702_PDAC_TISSUE_13"	2	1628	0.00122850122850123
"8"	"GSM4710703_PDAC_TISSUE_14"	7	1628	0.0042997542997543
"8"	"GSM4710704_PDAC_TISSUE_15"	81	1628	0.0497542997542998
"8"	"GSM4710705_PDAC_TISSUE_16"	1	1628	0.000614250614250614
"9"	"GSM4710689_PDAC_TISSUE_1"	3	1555	0.00192926045016077
"9"	"GSM4710690_PDAC_TISSUE_2"	4	1555	0.00257234726688103
"9"	"GSM4710691_PDAC_TISSUE_3"	13	1555	0.00836012861736334
"9"	"GSM4710692_PDAC_TISSUE_4"	16	1555	0.0102893890675241
"9"	"GSM4710693_PDAC_TISSUE_5"	6	1555	0.00385852090032154
"9"	"GSM4710694_PDAC_TISSUE_6"	39	1555	0.02508038585209
"9"	"GSM4710695_PDAC_TISSUE_7"	1064	1555	0.684244372990354
"9"	"GSM4710696_PDAC_TISSUE_8"	319	1555	0.205144694533762
"9"	"GSM4710697_PDAC_TISSUE_9"	20	1555	0.0128617363344051
"9"	"GSM4710698_PDAC_TISSUE_10"	13	1555	0.00836012861736334
"9"	"GSM4710699_PDAC_TISSUE_11A"	3	1555	0.00192926045016077
"9"	"GSM4710700_PDAC_TISSUE_11B"	7	1555	0.0045016077170418
"9"	"GSM4710702_PDAC_TISSUE_13"	30	1555	0.0192926045016077
"9"	"GSM4710703_PDAC_TISSUE_14"	1	1555	0.000643086816720257
"9"	"GSM4710704_PDAC_TISSUE_15"	7	1555	0.0045016077170418
"9"	"GSM4710705_PDAC_TISSUE_16"	10	1555	0.00643086816720257
