trait	trait_label_guess	trait_id_guess
"EFO_0000249"	"EFO_0000249"	"EFO_0000249"
"EFO_0000253"	"EFO_0000253"	"EFO_0000253"
"EFO_0000270"	"EFO_0000270"	"EFO_0000270"
"EFO_0000275"	"EFO_0000275"	"EFO_0000275"
"EFO_0000280"	"EFO_0000280"	"EFO_0000280"
"EFO_0000289"	"EFO_0000289"	"EFO_0000289"
"EFO_0000305"	"EFO_0000305"	"EFO_0000305"
"EFO_0000311"	"EFO_0000311"	"EFO_0000311"
"EFO_0000318"	"EFO_0000318"	"EFO_0000318"
"EFO_0000378"	"EFO_0000378"	"EFO_0000378"
"EFO_0000384"	"EFO_0000384"	"EFO_0000384"
"EFO_0000400"	"EFO_0000400"	"EFO_0000400"
"EFO_0000516"	"EFO_0000516"	"EFO_0000516"
"EFO_0000537"	"EFO_0000537"	"EFO_0000537"
"EFO_0000614"	"EFO_0000614"	"EFO_0000614"
"EFO_0000621"	"EFO_0000621"	"EFO_0000621"
"EFO_0000685"	"EFO_0000685"	"EFO_0000685"
"EFO_0000712"	"EFO_0000712"	"EFO_0000712"
"EFO_0000729"	"EFO_0000729"	"EFO_0000729"
"EFO_0001059"	"EFO_0001059"	"EFO_0001059"
"EFO_0001060"	"EFO_0001060"	"EFO_0001060"
"EFO_0001061"	"EFO_0001061"	"EFO_0001061"
"EFO_0001075"	"EFO_0001075"	"EFO_0001075"
"EFO_0001357"	"EFO_0001357"	"EFO_0001357"
"EFO_0001359"	"EFO_0001359"	"EFO_0001359"
"EFO_0001360"	"EFO_0001360"	"EFO_0001360"
"EFO_0001365"	"EFO_0001365"	"EFO_0001365"
"EFO_0001645"	"EFO_0001645"	"EFO_0001645"
"EFO_0001663"	"EFO_0001663"	"EFO_0001663"
"EFO_0002506"	"EFO_0002506"	"EFO_0002506"
"EFO_0002609"	"EFO_0002609"	"EFO_0002609"
"EFO_0002690"	"EFO_0002690"	"EFO_0002690"
"EFO_0003015"	"EFO_0003015"	"EFO_0003015"
"EFO_0003144"	"EFO_0003144"	"EFO_0003144"
"EFO_0003761"	"EFO_0003761"	"EFO_0003761"
"EFO_0003767"	"EFO_0003767"	"EFO_0003767"
"EFO_0003785"	"EFO_0003785"	"EFO_0003785"
"EFO_0003827"	"EFO_0003827"	"EFO_0003827"
"EFO_0003884"	"EFO_0003884"	"EFO_0003884"
"EFO_0003885"	"EFO_0003885"	"EFO_0003885"
"EFO_0003894"	"EFO_0003894"	"EFO_0003894"
"EFO_0003898"	"EFO_0003898"	"EFO_0003898"
"EFO_0003923"	"EFO_0003923"	"EFO_0003923"
"EFO_0003931"	"EFO_0003931"	"EFO_0003931"
"EFO_0003948"	"EFO_0003948"	"EFO_0003948"
"EFO_0003963"	"EFO_0003963"	"EFO_0003963"
"EFO_0004190"	"EFO_0004190"	"EFO_0004190"
"EFO_0004234"	"EFO_0004234"	"EFO_0004234"
"EFO_0004238"	"EFO_0004238"	"EFO_0004238"
"EFO_0004251"	"EFO_0004251"	"EFO_0004251"
"EFO_0004254"	"EFO_0004254"	"EFO_0004254"
"EFO_0004255"	"EFO_0004255"	"EFO_0004255"
"EFO_0004256"	"EFO_0004256"	"EFO_0004256"
"EFO_0004257"	"EFO_0004257"	"EFO_0004257"
"EFO_0004264"	"EFO_0004264"	"EFO_0004264"
"EFO_0004267"	"EFO_0004267"	"EFO_0004267"
"EFO_0004268"	"EFO_0004268"	"EFO_0004268"
"EFO_0004269"	"EFO_0004269"	"EFO_0004269"
"EFO_0004285"	"EFO_0004285"	"EFO_0004285"
"EFO_0004305"	"EFO_0004305"	"EFO_0004305"
"EFO_0004307"	"EFO_0004307"	"EFO_0004307"
"EFO_0004308"	"EFO_0004308"	"EFO_0004308"
"EFO_0004309"	"EFO_0004309"	"EFO_0004309"
"EFO_0004312"	"EFO_0004312"	"EFO_0004312"
"EFO_0004314"	"EFO_0004314"	"EFO_0004314"
"EFO_0004317"	"EFO_0004317"	"EFO_0004317"
"EFO_0004324"	"EFO_0004324"	"EFO_0004324"
"EFO_0004326"	"EFO_0004326"	"EFO_0004326"
"EFO_0004337"	"EFO_0004337"	"EFO_0004337"
"EFO_0004339"	"EFO_0004339"	"EFO_0004339"
"EFO_0004340"	"EFO_0004340"	"EFO_0004340"
"EFO_0004342"	"EFO_0004342"	"EFO_0004342"
"EFO_0004343"	"EFO_0004343"	"EFO_0004343"
"EFO_0004344"	"EFO_0004344"	"EFO_0004344"
"EFO_0004346"	"EFO_0004346"	"EFO_0004346"
"EFO_0004348"	"EFO_0004348"	"EFO_0004348"
"EFO_0004350"	"EFO_0004350"	"EFO_0004350"
"EFO_0004354"	"EFO_0004354"	"EFO_0004354"
"EFO_0004458"	"EFO_0004458"	"EFO_0004458"
"EFO_0004461"	"EFO_0004461"	"EFO_0004461"
"EFO_0004462"	"EFO_0004462"	"EFO_0004462"
"EFO_0004464"	"EFO_0004464"	"EFO_0004464"
"EFO_0004465"	"EFO_0004465"	"EFO_0004465"
"EFO_0004466"	"EFO_0004466"	"EFO_0004466"
"EFO_0004467"	"EFO_0004467"	"EFO_0004467"
"EFO_0004468"	"EFO_0004468"	"EFO_0004468"
"EFO_0004469"	"EFO_0004469"	"EFO_0004469"
"EFO_0004471"	"EFO_0004471"	"EFO_0004471"
"EFO_0004501"	"EFO_0004501"	"EFO_0004501"
"EFO_0004509"	"EFO_0004509"	"EFO_0004509"
"EFO_0004517"	"EFO_0004517"	"EFO_0004517"
"EFO_0004518"	"EFO_0004518"	"EFO_0004518"
"EFO_0004526"	"EFO_0004526"	"EFO_0004526"
"EFO_0004527"	"EFO_0004527"	"EFO_0004527"
"EFO_0004528"	"EFO_0004528"	"EFO_0004528"
"EFO_0004530"	"EFO_0004530"	"EFO_0004530"
"EFO_0004541"	"EFO_0004541"	"EFO_0004541"
"EFO_0004565"	"EFO_0004565"	"EFO_0004565"
"EFO_0004574"	"EFO_0004574"	"EFO_0004574"
"EFO_0004575"	"EFO_0004575"	"EFO_0004575"
"EFO_0004579"	"EFO_0004579"	"EFO_0004579"
"EFO_0004581"	"EFO_0004581"	"EFO_0004581"
"EFO_0004584"	"EFO_0004584"	"EFO_0004584"
"EFO_0004587"	"EFO_0004587"	"EFO_0004587"
"EFO_0004591"	"EFO_0004591"	"EFO_0004591"
"EFO_0004611"	"EFO_0004611"	"EFO_0004611"
"EFO_0004612"	"EFO_0004612"	"EFO_0004612"
"EFO_0004616"	"EFO_0004616"	"EFO_0004616"
"EFO_0004617"	"EFO_0004617"	"EFO_0004617"
"EFO_0004631"	"EFO_0004631"	"EFO_0004631"
"EFO_0004682"	"EFO_0004682"	"EFO_0004682"
"EFO_0004695"	"EFO_0004695"	"EFO_0004695"
"EFO_0004696"	"EFO_0004696"	"EFO_0004696"
"EFO_0004697"	"EFO_0004697"	"EFO_0004697"
"EFO_0004698"	"EFO_0004698"	"EFO_0004698"
"EFO_0004713"	"EFO_0004713"	"EFO_0004713"
"EFO_0004735"	"EFO_0004735"	"EFO_0004735"
"EFO_0004736"	"EFO_0004736"	"EFO_0004736"
"EFO_0004744"	"EFO_0004744"	"EFO_0004744"
"EFO_0004747"	"EFO_0004747"	"EFO_0004747"
"EFO_0004749"	"EFO_0004749"	"EFO_0004749"
"EFO_0004750"	"EFO_0004750"	"EFO_0004750"
"EFO_0004751"	"EFO_0004751"	"EFO_0004751"
"EFO_0004753"	"EFO_0004753"	"EFO_0004753"
"EFO_0004754"	"EFO_0004754"	"EFO_0004754"
"EFO_0004762"	"EFO_0004762"	"EFO_0004762"
"EFO_0004765"	"EFO_0004765"	"EFO_0004765"
"EFO_0004766"	"EFO_0004766"	"EFO_0004766"
"EFO_0004767"	"EFO_0004767"	"EFO_0004767"
"EFO_0004778"	"EFO_0004778"	"EFO_0004778"
"EFO_0004784"	"EFO_0004784"	"EFO_0004784"
"EFO_0004790"	"EFO_0004790"	"EFO_0004790"
"EFO_0004791"	"EFO_0004791"	"EFO_0004791"
"EFO_0004792"	"EFO_0004792"	"EFO_0004792"
"EFO_0004810"	"EFO_0004810"	"EFO_0004810"
"EFO_0004811"	"EFO_0004811"	"EFO_0004811"
"EFO_0004812"	"EFO_0004812"	"EFO_0004812"
"EFO_0004818"	"EFO_0004818"	"EFO_0004818"
"EFO_0004819"	"EFO_0004819"	"EFO_0004819"
"EFO_0004833"	"EFO_0004833"	"EFO_0004833"
"EFO_0004839"	"EFO_0004839"	"EFO_0004839"
"EFO_0004840"	"EFO_0004840"	"EFO_0004840"
"EFO_0004842"	"EFO_0004842"	"EFO_0004842"
"EFO_0004869"	"EFO_0004869"	"EFO_0004869"
"EFO_0004872"	"EFO_0004872"	"EFO_0004872"
"EFO_0004874"	"EFO_0004874"	"EFO_0004874"
"EFO_0004884"	"EFO_0004884"	"EFO_0004884"
"EFO_0004908"	"EFO_0004908"	"EFO_0004908"
"EFO_0004912"	"EFO_0004912"	"EFO_0004912"
"EFO_0004918"	"EFO_0004918"	"EFO_0004918"
"EFO_0004980"	"EFO_0004980"	"EFO_0004980"
"EFO_0004993"	"EFO_0004993"	"EFO_0004993"
"EFO_0004995"	"EFO_0004995"	"EFO_0004995"
"EFO_0005000"	"EFO_0005000"	"EFO_0005000"
"EFO_0005055"	"EFO_0005055"	"EFO_0005055"
"EFO_0005056"	"EFO_0005056"	"EFO_0005056"
"EFO_0005057"	"EFO_0005057"	"EFO_0005057"
"EFO_0005090"	"EFO_0005090"	"EFO_0005090"
"EFO_0005091"	"EFO_0005091"	"EFO_0005091"
"EFO_0005093"	"EFO_0005093"	"EFO_0005093"
"EFO_0005094"	"EFO_0005094"	"EFO_0005094"
"EFO_0005110"	"EFO_0005110"	"EFO_0005110"
"EFO_0005188"	"EFO_0005188"	"EFO_0005188"
"EFO_0005192"	"EFO_0005192"	"EFO_0005192"
"EFO_0005193"	"EFO_0005193"	"EFO_0005193"
"EFO_0005208"	"EFO_0005208"	"EFO_0005208"
"EFO_0005213"	"EFO_0005213"	"EFO_0005213"
"EFO_0005243"	"EFO_0005243"	"EFO_0005243"
"EFO_0005247"	"EFO_0005247"	"EFO_0005247"
"EFO_0005271"	"EFO_0005271"	"EFO_0005271"
"EFO_0005524"	"EFO_0005524"	"EFO_0005524"
"EFO_0005543"	"EFO_0005543"	"EFO_0005543"
"EFO_0005664"	"EFO_0005664"	"EFO_0005664"
"EFO_0005677"	"EFO_0005677"	"EFO_0005677"
"EFO_0005680"	"EFO_0005680"	"EFO_0005680"
"EFO_0005763"	"EFO_0005763"	"EFO_0005763"
"EFO_0005918"	"EFO_0005918"	"EFO_0005918"
"EFO_0006335"	"EFO_0006335"	"EFO_0006335"
"EFO_0006336"	"EFO_0006336"	"EFO_0006336"
"EFO_0006340"	"EFO_0006340"	"EFO_0006340"
"EFO_0006462"	"EFO_0006462"	"EFO_0006462"
"EFO_0006525"	"EFO_0006525"	"EFO_0006525"
"EFO_0006782"	"EFO_0006782"	"EFO_0006782"
"EFO_0006812"	"EFO_0006812"	"EFO_0006812"
"EFO_0006821"	"EFO_0006821"	"EFO_0006821"
"EFO_0006831"	"EFO_0006831"	"EFO_0006831"
"EFO_0006832"	"EFO_0006832"	"EFO_0006832"
"EFO_0006900"	"EFO_0006900"	"EFO_0006900"
"EFO_0006903"	"EFO_0006903"	"EFO_0006903"
"EFO_0006930"	"EFO_0006930"	"EFO_0006930"
"EFO_0006937"	"EFO_0006937"	"EFO_0006937"
"EFO_0006939"	"EFO_0006939"	"EFO_0006939"
"EFO_0006940"	"EFO_0006940"	"EFO_0006940"
"EFO_0006942"	"EFO_0006942"	"EFO_0006942"
"EFO_0007003"	"EFO_0007003"	"EFO_0007003"
"EFO_0007006"	"EFO_0007006"	"EFO_0007006"
"EFO_0007010"	"EFO_0007010"	"EFO_0007010"
"EFO_0007036"	"EFO_0007036"	"EFO_0007036"
"EFO_0007037"	"EFO_0007037"	"EFO_0007037"
"EFO_0007038"	"EFO_0007038"	"EFO_0007038"
"EFO_0007047"	"EFO_0007047"	"EFO_0007047"
"EFO_0007048"	"EFO_0007048"	"EFO_0007048"
"EFO_0007050"	"EFO_0007050"	"EFO_0007050"
"EFO_0007052"	"EFO_0007052"	"EFO_0007052"
"EFO_0007149"	"EFO_0007149"	"EFO_0007149"
"EFO_0007660"	"EFO_0007660"	"EFO_0007660"
"EFO_0007755"	"EFO_0007755"	"EFO_0007755"
"EFO_0007774"	"EFO_0007774"	"EFO_0007774"
"EFO_0007780"	"EFO_0007780"	"EFO_0007780"
"EFO_0007785"	"EFO_0007785"	"EFO_0007785"
"EFO_0007788"	"EFO_0007788"	"EFO_0007788"
"EFO_0007789"	"EFO_0007789"	"EFO_0007789"
"EFO_0007790"	"EFO_0007790"	"EFO_0007790"
"EFO_0007793"	"EFO_0007793"	"EFO_0007793"
"EFO_0007796"	"EFO_0007796"	"EFO_0007796"
"EFO_0007800"	"EFO_0007800"	"EFO_0007800"
"EFO_0007818"	"EFO_0007818"	"EFO_0007818"
"EFO_0007821"	"EFO_0007821"	"EFO_0007821"
"EFO_0007823"	"EFO_0007823"	"EFO_0007823"
"EFO_0007829"	"EFO_0007829"	"EFO_0007829"
"EFO_0007845"	"EFO_0007845"	"EFO_0007845"
"EFO_0007850"	"EFO_0007850"	"EFO_0007850"
"EFO_0007858"	"EFO_0007858"	"EFO_0007858"
"EFO_0007865"	"EFO_0007865"	"EFO_0007865"
"EFO_0007869"	"EFO_0007869"	"EFO_0007869"
"EFO_0007874"	"EFO_0007874"	"EFO_0007874"
"EFO_0007889"	"EFO_0007889"	"EFO_0007889"
"EFO_0007890"	"EFO_0007890"	"EFO_0007890"
"EFO_0007912"	"EFO_0007912"	"EFO_0007912"
"EFO_0007914"	"EFO_0007914"	"EFO_0007914"
"EFO_0007915"	"EFO_0007915"	"EFO_0007915"
"EFO_0007936"	"EFO_0007936"	"EFO_0007936"
"EFO_0007946"	"EFO_0007946"	"EFO_0007946"
"EFO_0007984"	"EFO_0007984"	"EFO_0007984"
"EFO_0007985"	"EFO_0007985"	"EFO_0007985"
"EFO_0007986"	"EFO_0007986"	"EFO_0007986"
"EFO_0007987"	"EFO_0007987"	"EFO_0007987"
"EFO_0007988"	"EFO_0007988"	"EFO_0007988"
"EFO_0007989"	"EFO_0007989"	"EFO_0007989"
"EFO_0007990"	"EFO_0007990"	"EFO_0007990"
"EFO_0007991"	"EFO_0007991"	"EFO_0007991"
"EFO_0007992"	"EFO_0007992"	"EFO_0007992"
"EFO_0007993"	"EFO_0007993"	"EFO_0007993"
"EFO_0007994"	"EFO_0007994"	"EFO_0007994"
"EFO_0007995"	"EFO_0007995"	"EFO_0007995"
"EFO_0007996"	"EFO_0007996"	"EFO_0007996"
"EFO_0007997"	"EFO_0007997"	"EFO_0007997"
"EFO_0008000"	"EFO_0008000"	"EFO_0008000"
"EFO_0008001"	"EFO_0008001"	"EFO_0008001"
"EFO_0008003"	"EFO_0008003"	"EFO_0008003"
"EFO_0008016"	"EFO_0008016"	"EFO_0008016"
"EFO_0008032"	"EFO_0008032"	"EFO_0008032"
"EFO_0008035"	"EFO_0008035"	"EFO_0008035"
"EFO_0008036"	"EFO_0008036"	"EFO_0008036"
"EFO_0008037"	"EFO_0008037"	"EFO_0008037"
"EFO_0008039"	"EFO_0008039"	"EFO_0008039"
"EFO_0008051"	"EFO_0008051"	"EFO_0008051"
"EFO_0008054"	"EFO_0008054"	"EFO_0008054"
"EFO_0008056"	"EFO_0008056"	"EFO_0008056"
"EFO_0008059"	"EFO_0008059"	"EFO_0008059"
"EFO_0008082"	"EFO_0008082"	"EFO_0008082"
"EFO_0008083"	"EFO_0008083"	"EFO_0008083"
"EFO_0008103"	"EFO_0008103"	"EFO_0008103"
"EFO_0008122"	"EFO_0008122"	"EFO_0008122"
"EFO_0008130"	"EFO_0008130"	"EFO_0008130"
"EFO_0008137"	"EFO_0008137"	"EFO_0008137"
"EFO_0008146"	"EFO_0008146"	"EFO_0008146"
"EFO_0008170"	"EFO_0008170"	"EFO_0008170"
"EFO_0008172"	"EFO_0008172"	"EFO_0008172"
"EFO_0008173"	"EFO_0008173"	"EFO_0008173"
"EFO_0008176"	"EFO_0008176"	"EFO_0008176"
"EFO_0008178"	"EFO_0008178"	"EFO_0008178"
"EFO_0008187"	"EFO_0008187"	"EFO_0008187"
"EFO_0008189"	"EFO_0008189"	"EFO_0008189"
"EFO_0008191"	"EFO_0008191"	"EFO_0008191"
"EFO_0008217"	"EFO_0008217"	"EFO_0008217"
"EFO_0008219"	"EFO_0008219"	"EFO_0008219"
"EFO_0008221"	"EFO_0008221"	"EFO_0008221"
"EFO_0008229"	"EFO_0008229"	"EFO_0008229"
"EFO_0008233"	"EFO_0008233"	"EFO_0008233"
"EFO_0008235"	"EFO_0008235"	"EFO_0008235"
"EFO_0008236"	"EFO_0008236"	"EFO_0008236"
"EFO_0008241"	"EFO_0008241"	"EFO_0008241"
"EFO_0008264"	"EFO_0008264"	"EFO_0008264"
"EFO_0008287"	"EFO_0008287"	"EFO_0008287"
"EFO_0008290"	"EFO_0008290"	"EFO_0008290"
"EFO_0008291"	"EFO_0008291"	"EFO_0008291"
"EFO_0008293"	"EFO_0008293"	"EFO_0008293"
"EFO_0008300"	"EFO_0008300"	"EFO_0008300"
"EFO_0008308"	"EFO_0008308"	"EFO_0008308"
"EFO_0008332"	"EFO_0008332"	"EFO_0008332"
"EFO_0008354"	"EFO_0008354"	"EFO_0008354"
"EFO_0008373"	"EFO_0008373"	"EFO_0008373"
"EFO_0008379"	"EFO_0008379"	"EFO_0008379"
"EFO_0008384"	"EFO_0008384"	"EFO_0008384"
"EFO_0008393"	"EFO_0008393"	"EFO_0008393"
"EFO_0008423"	"EFO_0008423"	"EFO_0008423"
"EFO_0008424"	"EFO_0008424"	"EFO_0008424"
"EFO_0008425"	"EFO_0008425"	"EFO_0008425"
"EFO_0008426"	"EFO_0008426"	"EFO_0008426"
"EFO_0008427"	"EFO_0008427"	"EFO_0008427"
"EFO_0008428"	"EFO_0008428"	"EFO_0008428"
"EFO_0008429"	"EFO_0008429"	"EFO_0008429"
"EFO_0008430"	"EFO_0008430"	"EFO_0008430"
"EFO_0008438"	"EFO_0008438"	"EFO_0008438"
"EFO_0008473"	"EFO_0008473"	"EFO_0008473"
"EFO_0008475"	"EFO_0008475"	"EFO_0008475"
"EFO_0008531"	"EFO_0008531"	"EFO_0008531"
"EFO_0008533"	"EFO_0008533"	"EFO_0008533"
"EFO_0008579"	"EFO_0008579"	"EFO_0008579"
"EFO_000910"	"EFO_000910"	"EFO_000910"
"EFO_0009101"	"EFO_0009101"	"EFO_0009101"
"EFO_0009130"	"EFO_0009130"	"EFO_0009130"
"EFO_0009181"	"EFO_0009181"	"EFO_0009181"
"EFO_0009184"	"EFO_0009184"	"EFO_0009184"
"EFO_0009185"	"EFO_0009185"	"EFO_0009185"
"EFO_0009268"	"EFO_0009268"	"EFO_0009268"
"EFO_0009270"	"EFO_0009270"	"EFO_0009270"
"EFO_0009271"	"EFO_0009271"	"EFO_0009271"
"EFO_0009272"	"EFO_0009272"	"EFO_0009272"
"EFO_0009273"	"EFO_0009273"	"EFO_0009273"
"EFO_0009274"	"EFO_0009274"	"EFO_0009274"
"EFO_0009330"	"EFO_0009330"	"EFO_0009330"
"EFO_0009332"	"EFO_0009332"	"EFO_0009332"
"EFO_0009338"	"EFO_0009338"	"EFO_0009338"
"EFO_0009339"	"EFO_0009339"	"EFO_0009339"
"EFO_0009340"	"EFO_0009340"	"EFO_0009340"
"EFO_0009341"	"EFO_0009341"	"EFO_0009341"
"EFO_0009342"	"EFO_0009342"	"EFO_0009342"
"EFO_0009343"	"EFO_0009343"	"EFO_0009343"
"EFO_0009344"	"EFO_0009344"	"EFO_0009344"
"EFO_0009345"	"EFO_0009345"	"EFO_0009345"
"EFO_0009346"	"EFO_0009346"	"EFO_0009346"
"EFO_0009347"	"EFO_0009347"	"EFO_0009347"
"EFO_0009348"	"EFO_0009348"	"EFO_0009348"
"EFO_0009349"	"EFO_0009349"	"EFO_0009349"
"EFO_0009350"	"EFO_0009350"	"EFO_0009350"
"EFO_0009351"	"EFO_0009351"	"EFO_0009351"
"EFO_0009352"	"EFO_0009352"	"EFO_0009352"
"EFO_0009353"	"EFO_0009353"	"EFO_0009353"
"EFO_0009354"	"EFO_0009354"	"EFO_0009354"
"EFO_0009355"	"EFO_0009355"	"EFO_0009355"
"EFO_0009356"	"EFO_0009356"	"EFO_0009356"
"EFO_0009357"	"EFO_0009357"	"EFO_0009357"
"EFO_0009358"	"EFO_0009358"	"EFO_0009358"
"EFO_0009359"	"EFO_0009359"	"EFO_0009359"
"EFO_0009365"	"EFO_0009365"	"EFO_0009365"
"EFO_0009373"	"EFO_0009373"	"EFO_0009373"
"EFO_0009381"	"EFO_0009381"	"EFO_0009381"
"EFO_0009393"	"EFO_0009393"	"EFO_0009393"
"EFO_0009408"	"EFO_0009408"	"EFO_0009408"
"EFO_0009409"	"EFO_0009409"	"EFO_0009409"
"EFO_0009415"	"EFO_0009415"	"EFO_0009415"
"EFO_0009417"	"EFO_0009417"	"EFO_0009417"
"EFO_0009418"	"EFO_0009418"	"EFO_0009418"
"EFO_0009419"	"EFO_0009419"	"EFO_0009419"
"EFO_0009422"	"EFO_0009422"	"EFO_0009422"
"EFO_0009423"	"EFO_0009423"	"EFO_0009423"
"EFO_0009466"	"EFO_0009466"	"EFO_0009466"
"EFO_0009551"	"EFO_0009551"	"EFO_0009551"
"EFO_0009584"	"EFO_0009584"	"EFO_0009584"
"EFO_0009585"	"EFO_0009585"	"EFO_0009585"
"EFO_0009588"	"EFO_0009588"	"EFO_0009588"
"EFO_0009589"	"EFO_0009589"	"EFO_0009589"
"EFO_0009594"	"EFO_0009594"	"EFO_0009594"
"EFO_0009595"	"EFO_0009595"	"EFO_0009595"
"EFO_0009596"	"EFO_0009596"	"EFO_0009596"
"EFO_0009597"	"EFO_0009597"	"EFO_0009597"
"EFO_0009598"	"EFO_0009598"	"EFO_0009598"
"EFO_0009599"	"EFO_0009599"	"EFO_0009599"
"EFO_0009718"	"EFO_0009718"	"EFO_0009718"
"EFO_0009749"	"EFO_0009749"	"EFO_0009749"
"EFO_0009767"	"EFO_0009767"	"EFO_0009767"
"EFO_0009797"	"EFO_0009797"	"EFO_0009797"
"EFO_0009885"	"EFO_0009885"	"EFO_0009885"
"EFO_0009902"	"EFO_0009902"	"EFO_0009902"
"EFO_0010056"	"EFO_0010056"	"EFO_0010056"
"EFO_0010105"	"EFO_0010105"	"EFO_0010105"
"EFO_0010106"	"EFO_0010106"	"EFO_0010106"
"EFO_0010107"	"EFO_0010107"	"EFO_0010107"
"EFO_0010108"	"EFO_0010108"	"EFO_0010108"
"EFO_0010109"	"EFO_0010109"	"EFO_0010109"
"EFO_0010119"	"EFO_0010119"	"EFO_0010119"
"EFO_0010573"	"EFO_0010573"	"EFO_0010573"
"EFO_0010575"	"EFO_0010575"	"EFO_0010575"
"EFO_0010586"	"EFO_0010586"	"EFO_0010586"
"EFO_0010588"	"EFO_0010588"	"EFO_0010588"
"EFO_0010589"	"EFO_0010589"	"EFO_0010589"
"EFO_0010590"	"EFO_0010590"	"EFO_0010590"
"EFO_0010591"	"EFO_0010591"	"EFO_0010591"
"EFO_0010593"	"EFO_0010593"	"EFO_0010593"
"EFO_0010596"	"EFO_0010596"	"EFO_0010596"
"EFO_0010597"	"EFO_0010597"	"EFO_0010597"
"EFO_0010598"	"EFO_0010598"	"EFO_0010598"
"EFO_0010599"	"EFO_0010599"	"EFO_0010599"
"EFO_0010600"	"EFO_0010600"	"EFO_0010600"
"EFO_0010603"	"EFO_0010603"	"EFO_0010603"
"EFO_0010607"	"EFO_0010607"	"EFO_0010607"
"EFO_0010610"	"EFO_0010610"	"EFO_0010610"
"EFO_0010611"	"EFO_0010611"	"EFO_0010611"
