ID	Description	GeneRatio	BgRatio	RichFactor	FoldEnrichment	zScore	pvalue	p.adjust	qvalue	geneID	Count
GO:0006935	chemotaxis	38/458	427/15041	0.0889929742388759	2.92258368018981	7.14246065547064	3.16785635475208e-09	4.53722062658665e-06	3.95766189807366e-06	ANGPT1/CXCL11/HGF/FPR3/KIT/CCR1/C3AR1/CXCL10/CXCL9/CCR2/SEMA3C/GPNMB/CCR8/SLAMF8/CCR5/FPR2/CXCR2/CXCR6/MET/CCL28/FPR1/ACKR4/TNFRSF11A/TNFSF18/ANOS1/PLA2G7/FLRT2/CXCL5/FGF7/FLRT3/GREM1/CCR4/XCR1/CXCL8/S100A14/CCL18/CXCL6/CASR	38
GO:0042330	taxis	38/458	427/15041	0.0889929742388759	2.92258368018981	7.14246065547064	3.16785635475208e-09	4.53722062658665e-06	3.95766189807366e-06	ANGPT1/CXCL11/HGF/FPR3/KIT/CCR1/C3AR1/CXCL10/CXCL9/CCR2/SEMA3C/GPNMB/CCR8/SLAMF8/CCR5/FPR2/CXCR2/CXCR6/MET/CCL28/FPR1/ACKR4/TNFRSF11A/TNFSF18/ANOS1/PLA2G7/FLRT2/CXCL5/FGF7/FLRT3/GREM1/CCR4/XCR1/CXCL8/S100A14/CCL18/CXCL6/CASR	38
GO:0019730	antimicrobial humoral response	20/458	134/15041	0.149253731343284	4.90158378413609	8.03954425585282	4.06185050304088e-09	4.53722062658665e-06	3.95766189807366e-06	CXCL11/CXCL10/CXCL9/CCL28/LYZ/CXCL5/RNASE7/MMP7/VIP/REG1A/DMBT1/REG3A/JCHAIN/CXCL8/REG3G/LGALS4/PRSS2/CCL18/CXCL6/REG1B	20
GO:0006805	xenobiotic metabolic process	18/458	109/15041	0.165137614678899	5.42322022354874	8.21345798998457	4.71372814479046e-09	4.53722062658665e-06	3.95766189807366e-06	UGT1A1/UGT2A3/SLC28A3/CYP2S1/CYP2B6/SULT1B1/UGT1A6/UGT1A10/FMO1/NOS1/CYP2C18/SLC28A2/UGT2B7/CYP3A4/GSTA2/NR1I2/AADAC/UGT2B15	18
GO:0061844	antimicrobial humoral immune response mediated by antimicrobial peptide	17/458	98/15041	0.173469387755102	5.69684074503164	8.2667193478732	5.84542724373441e-09	4.53722062658665e-06	3.95766189807366e-06	CXCL11/CXCL10/CXCL9/CCL28/CXCL5/RNASE7/MMP7/VIP/REG1A/DMBT1/REG3A/CXCL8/REG3G/LGALS4/CCL18/CXCL6/REG1B	17
GO:0006959	humoral immune response	26/458	230/15041	0.11304347826087	3.71241693563699	7.34617709321376	8.63402447517968e-09	5.58477483136206e-06	4.87140749336454e-06	NOTCH2/CXCL11/CXCL10/CXCL9/CCR2/C1QB/CCL28/VSIG4/LYZ/CXCL5/RNASE7/PTPRC/MMP7/VIP/REG1A/DMBT1/REG3A/CR1/JCHAIN/CXCL8/REG3G/LGALS4/PRSS2/CCL18/CXCL6/REG1B	26
GO:0007204	positive regulation of cytosolic calcium ion concentration	20/458	146/15041	0.136986301369863	4.49871388407011	7.52831567989994	1.83239321114587e-08	1.01593115035102e-05	8.86161889781222e-06	PRKG1/P2RX7/F2R/FPR3/CCR1/C3AR1/CCR2/CCR8/CCR5/FPR2/CXCR2/CXCR6/CCL28/FPR1/P2RY1/ACKR4/LPAR3/NOS1/CCR4/XCR1	20
GO:0090025	regulation of monocyte chemotaxis	9/458	27/15041	0.333333333333333	10.9468704512373	9.16755147663866	5.98763176395475e-08	2.90474985948855e-05	2.53371365169454e-05	CCR1/CXCL10/CCR2/SLAMF8/FPR2/TNFSF18/PLA2G7/GREM1/S100A14	9
GO:0060326	cell chemotaxis	28/458	292/15041	0.0958904109589041	3.14909971884908	6.57203586026824	8.43372601805349e-08	3.6368100751184e-05	3.17226466363275e-05	CXCL11/HGF/KIT/CCR1/C3AR1/CXCL10/CXCL9/CCR2/CCR8/SLAMF8/CCR5/FPR2/CXCR2/CXCR6/MET/CCL28/ACKR4/TNFRSF11A/TNFSF18/PLA2G7/CXCL5/GREM1/CCR4/XCR1/CXCL8/S100A14/CCL18/CXCL6	28
GO:0070098	chemokine-mediated signaling pathway	14/458	82/15041	0.170731707317073	5.60693364575567	7.41311643434314	1.60001660173577e-07	6.20966443133651e-05	5.41647725387603e-05	CXCL11/CCR1/CXCL10/CXCL9/CCR2/CCR8/CCR5/CXCR2/CXCR6/ACKR4/CCR4/XCR1/CCL18/CXCL6	14
GO:0071466	cellular response to xenobiotic stimulus	20/458	173/15041	0.115606936416185	3.7966024686372	6.55632888974811	3.18821097090345e-07	0.000112485879800694	9.81175739945024e-05	TLR3/UGT1A1/UGT2A3/ACER2/SLC28A3/CYP2S1/CYP2B6/SULT1B1/UGT1A6/UGT1A10/FMO1/NOS1/CYP2C18/SLC28A2/UGT2B7/CYP3A4/GSTA2/NR1I2/AADAC/UGT2B15	20
GO:0042742	defense response to bacterium	25/458	260/15041	0.0961538461538462	3.15775109170306	6.21969845651885	3.98557329164682e-07	0.000128900082874011	0.00011243512022751	TLR3/NOTCH2/GBP1/P2RX7/OAS3/GBP5/SLAMF8/FPR2/OAS2/ANXA3/LYZ/RNASE7/MMP7/GBP6/VIP/SFN/IL7R/DMBT1/CLEC4D/JCHAIN/REG3G/LGALS4/S100A14/CXCL6/ZG16	25
GO:0010837	regulation of keratinocyte proliferation	10/458	43/15041	0.232558139534884	7.63735147760739	7.72405910709164	4.83495780652249e-07	0.00014434208651626	0.000125904650249201	PTPRK/NOTCH2/FGFR2/EPPK1/LRG1/FGF7/OVOL1/SFN/REG3A/REG3G	10
GO:1990868	response to chemokine	14/458	91/15041	0.153846153846154	5.05240174672489	6.87140921448208	6.05288146097029e-07	0.000156608219666838	0.000136603977392845	CXCL11/CCR1/CXCL10/CXCL9/CCR2/CCR8/CCR5/CXCR2/CXCR6/ACKR4/CCR4/XCR1/CCL18/CXCL6	14
GO:1990869	cellular response to chemokine	14/458	91/15041	0.153846153846154	5.05240174672489	6.87140921448208	6.05288146097029e-07	0.000156608219666838	0.000136603977392845	CXCL11/CCR1/CXCL10/CXCL9/CCR2/CCR8/CCR5/CXCR2/CXCR6/ACKR4/CCR4/XCR1/CCL18/CXCL6	14
GO:0043616	keratinocyte proliferation	11/458	56/15041	0.196428571428571	6.45083437305053	7.24205543794454	7.99806498252752e-07	0.000194003063732433	0.00016922221699874	PTPRK/NOTCH2/FGFR2/EPPK1/LRG1/FGF7/OVOL1/SFN/REG3A/REG3G/EREG	11
GO:0090026	positive regulation of monocyte chemotaxis	7/458	19/15041	0.368421052631579	12.0991726039991	8.57900154577643	8.50576584601598e-07	0.000194181630872871	0.000169377974989396	CCR1/CXCL10/CCR2/FPR2/TNFSF18/PLA2G7/S100A14	7
GO:0002548	monocyte chemotaxis	10/458	46/15041	0.217391304347826	7.13926333776343	7.39018248384314	9.47128341069648e-07	0.00020421139398285	0.000178126593267835	CCR1/CXCL10/CCR2/SLAMF8/FPR2/TNFRSF11A/TNFSF18/PLA2G7/GREM1/S100A14	10
GO:0043588	skin development	24/458	260/15041	0.0923076923076923	3.03144104803493	5.85561087168747	1.41946055376242e-06	0.000289943495218523	0.000252907764038778	TNFSF13B/ADAM9/LGR4/FGFR2/FRAS1/GRHL2/MET/IGFBP5/CLDN1/INHBA/COL5A2/FGF7/ITGB6/OVOL1/SFN/FOXQ1/POU2F3/REG3A/REG3G/DKK1/EREG/LGR5/KRT7/PLA2G10	24
GO:0009410	response to xenobiotic stimulus	30/458	384/15041	0.078125	2.56567276200873	5.50778886513394	2.38471051438628e-06	0.000462753075316658	0.000403643632329804	TLR3/P2RX7/SEMA3C/UGT1A1/CYBB/SLC1A3/UGT2A3/HTR2B/ACER2/SLC28A3/CYP2S1/GRIN2A/CYP2B6/SLC1A1/MMP7/SULT1B1/UGT1A6/UGT1A10/FMO1/NOS1/CYP2C18/SLC28A2/UGT2B7/SPINK4/CYP3A4/GSTA2/GATA4/NR1I2/AADAC/UGT2B15	30
GO:0002274	myeloid leukocyte activation	22/458	240/15041	0.0916666666666667	3.01038937409025	5.56382537552245	4.367707352874e-06	0.000807193916024	0.000704087561245253	TLR3/NOTCH2/TLR1/ADAM9/KIT/FCGR3A/CD84/CCR2/FPR2/CXCR2/ANXA3/VSIG4/MT1G/FCAR/PTPRC/ITGB6/HAVCR1/CLEC4D/IL31RA/CXCL8/PLA2G10/CXCL6	22
GO:0008544	epidermis development	26/458	320/15041	0.08125	2.66829967248908	5.34581120035561	5.6001598907624e-06	0.000987919115274948	0.000861727952568989	ADAM9/LGR4/PLS1/FGFR2/SVEP1/GRHL2/MET/LAMA3/IGFBP5/CLDN1/INHBA/FGF7/OVOL1/SFN/FOXQ1/POU2F3/LAMC2/REG3A/REG3G/DKK1/SFRP4/EREG/LGR5/LAMB3/KRT7/PLA2G10	26
GO:0019722	calcium-mediated signaling	21/458	227/15041	0.092511013215859	3.03811823096012	5.48326646564027	6.24111573279793e-06	0.00105312044169516	0.000918600832799915	GBP1/P2RX7/CCR1/C3AR1/FCGR3A/CCR2/CCR8/CCR5/FPR2/CXCR2/CXCR6/ACKR4/NR5A2/HTR2B/GRIN2A/PTPRC/TRAT1/NOS1/CCR4/XCR1/CXCL8	21
GO:0042445	hormone metabolic process	20/458	213/15041	0.0938967136150235	3.08362547922176	5.42751949114628	8.29517170981706e-06	0.00134139839190833	0.00117005579906893	CPA3/UGT1A1/ALDH1A3/HSD17B2/NR5A2/PLA2G7/INHBA/ANPEP/CYP2S1/ACE2/IYD/SULT1B1/CYP2C18/UGT2B7/PNLIP/AKR1B10/CYP3A4/SPP1/ALDH1A2/UGT2B15	20
GO:0019835	cytolysis	5/458	11/15041	0.454545454545455	14.9275506153235	8.18888584446756	1.01676142405296e-05	0.00152572683742455	0.00133083917849642	GBP1/GBP5/CCL28/RNASE7/SFN	5
GO:0097529	myeloid leukocyte migration	20/458	216/15041	0.0925925925925926	3.04079734756591	5.35380593656891	1.02213083671833e-05	0.00152572683742455	0.00133083917849642	KITLG/KIT/CCR1/C3AR1/CXCL10/CXCL9/CCR2/SLAMF8/FPR2/CXCR2/CCL28/TNFRSF11A/TNFSF18/PLA2G7/CXCL5/GP2/GREM1/CXCL8/S100A14/CXCL6	20
GO:0030595	leukocyte chemotaxis	20/458	217/15041	0.0921658986175115	3.0267844565633	5.32951818017411	1.09477213349867e-05	0.0015736335741142	0.00137262658141588	CXCL11/KIT/CCR1/C3AR1/CXCL10/CXCL9/CCR2/SLAMF8/CCR5/FPR2/CXCR2/CCL28/TNFRSF11A/TNFSF18/PLA2G7/CXCL5/GREM1/CXCL8/S100A14/CXCL6	20
GO:0050673	epithelial cell proliferation	30/458	419/15041	0.0715990453460621	2.35135642150681	4.97172101662706	1.34454401924039e-05	0.0018636340495257	0.00162558404732222	PTPRK/NOTCH2/LGR4/HGF/KIT/FGFR2/TGFA/SERPINB5/IGFBP5/CLDN1/HTR2B/EPPK1/HNF1B/LRG1/FGF7/ODAM/COL8A1/CLDN18/SULF1/OVOL1/SFN/WNT2/HMGA2/REG3A/PKHD1/REG3G/EREG/LGR5/GHSR/ALDH1A2	30
GO:0014831	gastro-intestinal system smooth muscle contraction	5/458	12/15041	0.416666666666667	13.6835880640466	7.78934480152308	1.69943954904817e-05	0.00227431892753654	0.0019838103774007	KIT/HTR2B/SULF1/HTR1D/GHSR	5
GO:0035987	endodermal cell differentiation	9/458	51/15041	0.176470588235294	5.7954020035962	6.07914512509872	2.03033733505079e-05	0.00262657973244404	0.00229107539281521	LAMA3/HNF1B/INHBA/COL5A2/COL8A1/COL12A1/HMGA2/DKK1/LAMB3	9
GO:0043410	positive regulation of MAPK cascade	30/458	432/15041	0.0694444444444445	2.28059801067443	4.78605484400126	2.40836078283821e-05	0.00301511232199841	0.00262997904163249	TLR3/ANGPT1/NOTCH2/ADAM9/P2RX7/F2R/HGF/KIT/CCR1/DDR2/FGFR2/INAVA/PDGFC/GPNMB/FPR2/P2RY1/TGFA/TNFRSF11A/HTR2B/INHBA/FGF7/HAND2/PTPRC/MST1R/LPAR3/SH3RF2/NRK/DKK1/ERN2/CASR	30
GO:0048732	gland development	29/458	418/15041	0.069377990430622	2.27841562023359	4.69759085587968	3.348675838409e-05	0.00386392101072016	0.00337036574146003	NOTCH2/ARHGAP5/HGF/IGSF3/FGFR2/SEMA3C/MET/OAS2/TGFA/TNFRSF11A/SERPINB5/ALDH1A3/NR5A2/IGFBP5/CLDN1/ONECUT2/HNF1B/E2F8/FGF7/HAND2/E2F7/SULF1/UGT1A10/WNT2/XDH/HMGA2/ONECUT1/PSAPL1/ALDH1A2	29
GO:0031640	killing of cells of another organism	12/458	96/15041	0.125	4.10507641921397	5.40870343365313	3.38503773162807e-05	0.00386392101072016	0.00337036574146003	GBP1/CXCL11/CXCL10/CXCL9/GBP5/CCL28/LYZ/RNASE7/SFN/CXCL8/CCL18/CXCL6	12
GO:0141061	disruption of cell in another organism	12/458	96/15041	0.125	4.10507641921397	5.40870343365313	3.38503773162807e-05	0.00386392101072016	0.00337036574146003	GBP1/CXCL11/CXCL10/CXCL9/GBP5/CCL28/LYZ/RNASE7/SFN/CXCL8/CCL18/CXCL6	12
GO:0010838	positive regulation of keratinocyte proliferation	5/458	14/15041	0.357142857142857	11.7287897691828	7.11724357822306	4.08390056095828e-05	0.00452846230773689	0.00395002231700507	NOTCH2/LRG1/FGF7/REG3A/REG3G	5
GO:0007492	endoderm development	11/458	84/15041	0.130952380952381	4.30055624870035	5.37573378870225	4.6350837073827e-05	0.00499687774120896	0.00435860503010022	LAMA3/HNF1B/INHBA/COL5A2/COL8A1/COL12A1/HMGA2/ONECUT1/DKK1/LAMB3/GATA4	11
GO:0141060	disruption of anatomical structure in another organism	12/458	100/15041	0.12	3.94087336244541	5.22901286130287	5.10030564663734e-05	0.0053498070850269	0.00466645318907132	GBP1/CXCL11/CXCL10/CXCL9/GBP5/CCL28/LYZ/RNASE7/SFN/CXCL8/CCL18/CXCL6	12
GO:0048771	tissue remodeling	16/458	168/15041	0.0952380952380952	3.12767727178208	4.91466958666346	5.54730890126128e-05	0.00566491201226216	0.00494130840706685	NOTCH2/LGR4/P2RX7/F2R/MITF/DDR2/CCR2/SEMA3C/GPNMB/TNFRSF11A/IGFBP5/HAND2/CLDN18/GREM1/SIGLEC15/SPP1	16
GO:0060348	bone development	18/458	205/15041	0.0878048780487805	2.88356587496006	4.8120768116934	5.69264541299212e-05	0.00566491201226216	0.00494130840706685	PRKG1/NOTCH2/BMPR1B/EVC/DDR2/FGFR2/PDGFC/FBN1/BNC2/ADAMTS12/PTPRC/ITGB6/CLDN18/OGN/SULF1/GREM1/SFRP4/SIGLEC15	18
GO:0002430	complement receptor mediated signaling pathway	5/458	15/15041	0.333333333333333	10.9468704512373	6.83036037832871	5.9730149483954e-05	0.00579531775368063	0.00505505686158937	FPR3/C3AR1/FPR2/FPR1/CR1	5
GO:0001906	cell killing	19/458	226/15041	0.084070796460177	2.76093635274568	4.72694196204833	6.44325772512876e-05	0.00609909347103042	0.00532002999846318	GBP1/CXCL11/P2RX7/CXCL10/FCGR3A/CXCL9/GBP5/CCL28/LYZ/RNASE7/PTPRC/SFN/FCGR3B/IL7R/CR1/NECTIN4/CXCL8/CCL18/CXCL6	19
GO:0001706	endoderm formation	9/458	59/15041	0.152542372881356	5.0095847827696	5.46856942234444	6.76013532581945e-05	0.00610141516267565	0.00532205513043705	LAMA3/HNF1B/INHBA/COL5A2/COL8A1/COL12A1/HMGA2/DKK1/LAMB3	9
GO:0050918	positive chemotaxis	9/458	59/15041	0.152542372881356	5.0095847827696	5.46856942234444	6.76013532581945e-05	0.00610141516267565	0.00532205513043705	ANGPT1/HGF/CXCL10/GPNMB/FPR2/MET/FGF7/CXCL8/CASR	9
GO:0002009	morphogenesis of an epithelium	31/458	483/15041	0.0641821946169772	2.10778250924444	4.3854123053135	7.84524480876058e-05	0.00691986252336359	0.00603595868540049	NOTCH2/LGR4/HGF/FGFR2/CXCL10/FRAS1/SEMA3C/GRHL2/MET/SERPINB5/ALDH1A3/IGFBP5/ADAMTS12/CA2/HNF1B/LRG1/FREM2/FGF7/HAND2/FLRT3/SULF1/FOXQ1/WNT2/GREM1/HMGA2/PKHD1/LGR5/PLA2G10/ALDH1A2/GATA4/CASR	31
GO:0031589	cell-substrate adhesion	25/458	353/15041	0.0708215297450425	2.32582233383228	4.46708864337355	8.38022418462795e-05	0.00722747779123135	0.00630428093047099	PTPRK/ANGPT1/GBP1/ADAM9/EPHA3/PPFIA2/SVEP1/CCL28/ITGBL1/ANTXR1/SPOCK1/ADAMTS12/ONECUT2/ACER2/CDH11/KIF14/CCDC80/ITGB6/COL8A1/SIGLEC1/CEACAM6/NDNF/GREM1/ONECUT1/PKHD1	25
GO:0002768	immune response-regulating cell surface receptor signaling pathway	25/458	354/15041	0.0706214689265537	2.31925221424518	4.45139500960561	8.76700818836066e-05	0.00739668669109298	0.00645187604891713	TLR1/GBP1/FPR3/KIT/GCSAML/C3AR1/FCGR3A/PIK3AP1/FPR2/THEMIS/FPR1/MNDA/FYB1/FCAR/PTPRC/LAX1/TRAT1/FCGR3B/CLEC4D/CR1/PIGR/VTCN1/BTNL8/S100A14/HHLA2	25
GO:0002407	dendritic cell chemotaxis	6/458	26/15041	0.230769230769231	7.57860262008734	5.94964260740033	0.000105731610518574	0.00854884125880391	0.00745686095236262	CCR1/CCR2/SLAMF8/CCR5/CXCR2/TNFSF18	6
GO:0042178	xenobiotic catabolic process	6/458	26/15041	0.230769230769231	7.57860262008734	5.94964260740033	0.000105731610518574	0.00854884125880391	0.00745686095236262	CYP2B6/UGT1A10/NOS1/CYP2C18/CYP3A4/NR1I2	6
GO:0070374	positive regulation of ERK1 and ERK2 cascade	16/458	179/15041	0.0893854748603352	2.93547364055524	4.61645245626493	0.000118123658318635	0.00935587587621675	0.00816080956289428	ANGPT1/NOTCH2/F2R/CCR1/DDR2/FGFR2/PDGFC/GPNMB/FPR2/P2RY1/TNFRSF11A/HTR2B/INHBA/HAND2/PTPRC/CASR	16
GO:0042573	retinoic acid metabolic process	6/458	27/15041	0.222222222222222	7.29791363415818	5.80448370365453	0.000132474163163272	0.0102826445447331	0.00896919807859119	UGT1A1/ALDH1A3/CYP2S1/CYP2C18/CYP3A4/ALDH1A2	6
GO:0034103	regulation of tissue remodeling	9/458	66/15041	0.136363636363636	4.47826518459706	5.01862171273505	0.000164976456958407	0.0123210014357103	0.0107471868664463	P2RX7/DDR2/GPNMB/TNFRSF11A/HAND2/CLDN18/GREM1/SIGLEC15/SPP1	9
GO:0007586	digestion	13/458	130/15041	0.1	3.28406113537118	4.63510134585701	0.000167480587511505	0.0123210014357103	0.0107471868664463	CRACD/PLS1/INAVA/SLC5A1/SLC9A4/PNLIP/CLDN2/GCNT3/PRSS2/GHSR/CTRB2/MUC6/NR1I2	13
GO:0050900	leukocyte migration	25/458	369/15041	0.0677506775067751	2.22497366895066	4.22209981909622	0.00016825897348432	0.0123210014357103	0.0107471868664463	KITLG/CXCL11/KIT/GCSAML/CCR1/C3AR1/CXCL10/CXCL9/CCR2/SLAMF8/CCR5/FPR2/CXCR2/CCL28/TNFRSF11A/TNFSF18/PLA2G7/CHST4/CXCL5/GP2/GREM1/CXCL8/S100A14/ADTRP/CXCL6	25
GO:0002237	response to molecule of bacterial origin	23/458	330/15041	0.0696969696969697	2.28889109434961	4.19551534984108	0.000202235199482119	0.0145347186887056	0.0126781364821539	TLR1/ADAM9/P2RX7/F2R/FGFR2/CXCL10/CXCL9/INAVA/GBP5/CCR5/CCL28/CMPK2/TNFRSF11A/CLDN1/FCAR/CXCL5/FMO1/NOS1/CXCL8/S100A14/GHSR/CXCL6/NR1I2	23
GO:0032060	bleb assembly	4/458	11/15041	0.363636363636364	11.9420404922588	6.43351605544086	0.000236173169718021	0.016367644137065	0.0142769344701721	P2RX7/MYLK/ANLN/LPAR3	4
GO:2001204	regulation of osteoclast development	4/458	11/15041	0.363636363636364	11.9420404922588	6.43351605544086	0.000236173169718021	0.016367644137065	0.0142769344701721	NOTCH2/FBN1/CLDN18/SIGLEC15	4
GO:0001501	skeletal system development	30/458	498/15041	0.0602409638554217	1.9783500815489	3.93473215209946	0.000306776835319743	0.0208877350504548	0.0182196547070784	PRKG1/NOTCH2/P2RX7/ADGRG6/BMPR1B/EVC/DDR2/FGFR2/PDGFC/FBN1/GRHL2/VCAN/BNC2/NR5A2/ADAMTS12/TNFRSF11B/CDH11/COL5A2/HAND2/PTPRC/ITGB6/CLDN18/OGN/SULF1/GREM1/HMGA2/COL10A1/SFRP4/SIGLEC15/BARX2	30
GO:0010562	positive regulation of phosphorus metabolic process	21/458	298/15041	0.0704697986577181	2.31427126989244	4.06100414512945	0.000326704371437766	0.0214905028059317	0.0187454283415496	ZBTB20/TLR3/ANGPT1/P2RX7/KIT/TNFSF15/DDR2/FBN1/SLC4A4/P2RY1/HTR2B/TNFSF18/KIF14/FGF7/ODAM/PTPRC/MST1R/HMGA2/ITLN1/IL31RA/EREG	21
GO:0045937	positive regulation of phosphate metabolic process	21/458	298/15041	0.0704697986577181	2.31427126989244	4.06100414512945	0.000326704371437766	0.0214905028059317	0.0187454283415496	ZBTB20/TLR3/ANGPT1/P2RX7/KIT/TNFSF15/DDR2/FBN1/SLC4A4/P2RY1/HTR2B/TNFSF18/KIF14/FGF7/ODAM/PTPRC/MST1R/HMGA2/ITLN1/IL31RA/EREG	21
GO:0098773	skin epidermis development	12/458	122/15041	0.0983606557377049	3.23022406757821	4.38320492910561	0.000345061197984811	0.0219984341485931	0.0191884794265926	LGR4/FGFR2/MET/IGFBP5/CLDN1/INHBA/FGF7/SFN/FOXQ1/DKK1/LGR5/PLA2G10	12
GO:0060502	epithelial cell proliferation involved in lung morphogenesis	4/458	12/15041	0.333333333333333	10.9468704512373	6.10865026911394	0.000345762556831791	0.0219984341485931	0.0191884794265926	FGFR2/FGF7/WNT2/HMGA2	4
GO:0050727	regulation of inflammatory response	25/458	388/15041	0.0644329896907216	2.11601877279071	3.94691076162346	0.000360890281878325	0.0225905674833835	0.0197049770207248	TLR3/GBP1/TLR7/HGF/CCR1/PIK3AP1/CCR2/GBP5/SLAMF8/FPR2/TNFRSF11A/IL2RA/NR5A2/ADAMTS12/TNFSF18/PLA2G7/CASP5/ACE2/PTPRC/REG3A/LRRC19/PTGIS/CREB3L3/GHSR/PLA2G10	25
GO:0050830	defense response to Gram-positive bacterium	10/458	89/15041	0.112359550561798	3.68995633187773	4.51049087127739	0.000367664718115576	0.0226493138255008	0.0197562194395939	P2RX7/LYZ/RNASE7/MMP7/GBP6/VIP/IL7R/DMBT1/REG3G/ZG16	10
GO:0022600	digestive system process	11/458	106/15041	0.10377358490566	3.40798797066821	4.40897718424136	0.000380997513732405	0.0231039273561791	0.020152763226372	CRACD/PLS1/INAVA/SLC5A1/SLC9A4/PNLIP/CLDN2/GCNT3/GHSR/MUC6/NR1I2	11
GO:0043270	positive regulation of monoatomic ion transport	15/458	180/15041	0.0833333333333333	2.73671761280932	4.15407815750497	0.000409235869597709	0.024119698250532	0.0210387853303438	CXCL11/P2RX7/F2R/CTSS/CCR1/CXCL10/CXCL9/SCN2B/MYLK/P2RY1/LPAR3/NOS1/PRSS8/CFTR/CASR	15
GO:0031214	biomineral tissue development	14/458	161/15041	0.0869565217391304	2.85570533510537	4.19521002658354	0.000411796162818347	0.024119698250532	0.0210387853303438	LGR4/P2RX7/ADGRG6/BMPR1B/CCR1/DDR2/FGFR2/ASPN/WDR72/ODAM/ITGB6/GREM1/CFTR/SPP1	14
GO:0006814	sodium ion transport	17/458	220/15041	0.0772727272727273	2.537683604605	4.07167204048211	0.000419183480470988	0.024119698250532	0.0210387853303438	P2RX7/SCN2B/SLC6A20/SLC4A4/KCNE3/SLC5A7/SLC28A3/GRIN2A/NKAIN3/SLC5A1/SCN7A/SLC34A2/NOS1/SLC9A4/PRSS8/SLC9A2/SLC6A14	17
GO:0036336	dendritic cell migration	6/458	33/15041	0.181818181818182	5.97102024612942	5.06610644505115	0.000424640086112829	0.024119698250532	0.0210387853303438	CCR1/CCR2/SLAMF8/CCR5/CXCR2/TNFSF18	6
GO:0055123	digestive system development	13/458	143/15041	0.0909090909090909	2.98551012306471	4.2277505882451	0.000428822256966428	0.024119698250532	0.0210387853303438	LGR4/KIT/DACT1/FGFR2/KLF5/PDGFC/NR5A2/CLMP/HNF1B/CLDN18/CXCL8/ALDH1A2/GATA4	13
GO:0010839	negative regulation of keratinocyte proliferation	5/458	22/15041	0.227272727272727	7.46377530766177	5.37663187222982	0.000439108684610002	0.0243454400710203	0.0212356921760266	PTPRK/FGFR2/EPPK1/OVOL1/SFN	5
GO:0015698	inorganic anion transport	13/458	146/15041	0.089041095890411	2.92416402464557	4.14029688549072	0.000523523019854969	0.0278790674960232	0.0243179541537614	SLC4A4/SLC1A3/CA2/SLC1A1/GABRP/SLC34A2/KCNK2/SFRP4/CFTR/SLC6A14/BEST3/CLCA1/CASR	13
GO:0015695	organic cation transport	11/458	110/15041	0.1	3.28406113537118	4.26081657131923	0.00052415856889633	0.0278790674960232	0.0243179541537614	ADORA3/SLC6A20/P2RY1/SLC5A7/ACE2/SLC1A1/VIP/SLC7A3/SLC19A3/SLC6A14/GHSR	11
GO:0032755	positive regulation of interleukin-6 production	10/458	93/15041	0.10752688172043	3.53124853265718	4.33928262819688	0.000524393694205023	0.0278790674960232	0.0243179541537614	ZBTB20/TLR3/TLR8/TLR1/TLR7/P2RX7/F2R/INAVA/IL1RAP/EREG	10
GO:0070372	regulation of ERK1 and ERK2 cascade	19/458	267/15041	0.0711610486891386	2.33697234352256	3.9062697111367	0.000550778824701144	0.0288861164684478	0.0251963684244506	ANGPT1/NOTCH2/GBP1/F2R/CCR1/DDR2/FGFR2/PDGFC/GPNMB/FPR2/P2RY1/TNFRSF11A/HTR2B/INHBA/ACE2/HAND2/PTPRC/PKHD1/CASR	19
GO:0098739	import across plasma membrane	15/458	186/15041	0.0806451612903226	2.64843639949289	4.0089031002339	0.00057843971388115	0.0299323270609699	0.0261089420328671	SLC6A20/SLC1A3/LRRC8E/ACSL5/KCNK5/ACE2/KCNJ5/SLC5A1/SLC1A1/SLC7A3/KCNJ15/SLC9A4/SLC9A2/TRPV6/SLC6A14	15
GO:0048565	digestive tract development	12/458	130/15041	0.0923076923076923	3.03144104803493	4.12245319968011	0.000615808445868459	0.0310383451742271	0.027073683689856	LGR4/KIT/DACT1/FGFR2/KLF5/PDGFC/CLMP/HNF1B/CLDN18/CXCL8/ALDH1A2/GATA4	12
GO:0061041	regulation of wound healing	12/458	130/15041	0.0923076923076923	3.03144104803493	4.12245319968011	0.000615808445868459	0.0310383451742271	0.027073683689856	PRKG1/ANGPT1/F2R/DDR2/MYLK/CLDN1/EPPK1/REG3A/REG3G/TSPAN8/F11/ADTRP	12
GO:2000027	regulation of animal organ morphogenesis	9/458	79/15041	0.113924050632911	3.74133547067603	4.32926454992591	0.000647494557084932	0.0322170048211105	0.0281017880645768	LGR4/HGF/TNFRSF11B/FGF7/SULF1/WNT2/GREM1/PKHD1/DKK1	9
GO:0008209	androgen metabolic process	5/458	24/15041	0.208333333333333	6.84179403202329	5.07567131102841	0.000674028673360539	0.0331127250799019	0.0288830941176215	HSD17B2/INHBA/UGT2B7/CYP3A4/SPP1	5
GO:0042060	wound healing	26/458	429/15041	0.0606060606060606	1.99034008204314	3.68800405730955	0.000698247565513109	0.0338323109451623	0.0295107641816792	PRKG1/ANGPT1/NOTCH2/F2RL2/F2R/F13A1/DDR2/MYOF/SVEP1/MYLK/P2RY1/CLDN1/EPPK1/LRG1/ODAM/ITGB6/ANGPTL1/NDNF/POU2F3/REG3A/REG3G/EREG/TSPAN8/F11/ADTRP/GATA4	26
GO:0044409	symbiont entry into host	12/458	132/15041	0.0909090909090909	2.98551012306471	4.06039265139605	0.000706111101921708	0.0338323109451623	0.0295107641816792	GBP5/CCR5/CLDN1/ANPEP/ACE2/ITGB6/SIGLEC1/TMPRSS4/HAVCR1/CR1/NECTIN4/CXCL8	12
GO:0032102	negative regulation of response to external stimulus	24/458	384/15041	0.0625	2.05253820960699	3.70266276048879	0.000724664885133181	0.034148192504376	0.0297862968291063	PRKG1/ANGPT1/HGF/OAS3/FGL2/SLAMF8/FPR2/VSIG4/IL2RA/NR5A2/EPPK1/PTPRC/SFN/GREM1/REG3A/CR1/NECTIN4/PTGIS/TSPAN8/F11/ADTRP/SPP1/GHSR/PLA2G10	24
GO:0007188	adenylate cyclase-modulating G protein-coupled receptor signaling pathway	17/458	231/15041	0.0735930735930736	2.41684152819524	3.84576690382691	0.000730301462989748	0.034148192504376	0.0297862968291063	CXCL11/ADGRG6/C3AR1/CXCL10/CXCL9/FPR2/FPR1/P2RY1/MTNR1A/LPAR3/VIP/NOS1/GNAT3/HTR1D/ADGRF1/PSAPL1/CASR	17
GO:1905330	regulation of morphogenesis of an epithelium	8/458	65/15041	0.123076923076923	4.04192139737991	4.35551957210262	0.00076598583425958	0.0353903693185885	0.0308698050498598	LGR4/HGF/CXCL10/ADAMTS12/FGF7/SULF1/WNT2/GREM1	8
GO:0071674	mononuclear cell migration	16/458	213/15041	0.0751173708920188	2.46690038337741	3.82104677723778	0.000833035511875841	0.037402055104205	0.0326245295474913	CXCL11/GCSAML/CCR1/C3AR1/CXCL10/CCR2/SLAMF8/CCR5/FPR2/CXCR2/TNFRSF11A/TNFSF18/PLA2G7/GREM1/S100A14/ADTRP	16
GO:0045670	regulation of osteoclast differentiation	8/458	66/15041	0.121212121212121	3.98068016408628	4.30068019438115	0.00084888367940457	0.037402055104205	0.0326245295474913	TLR3/NOTCH2/MITF/CCR1/FBN1/TNFRSF11A/TNFRSF11B/CLDN18	8
GO:0051965	positive regulation of synapse assembly	8/458	66/15041	0.121212121212121	3.98068016408628	4.30068019438115	0.00084888367940457	0.037402055104205	0.0326245295474913	IL1RAP/SLITRK3/THBS2/FLRT2/FLRT3/LRRTM3/LRRN1/ST8SIA2	8
GO:0046849	bone remodeling	9/458	82/15041	0.109756097560976	3.60445734370007	4.19088856530769	0.000850920306819715	0.037402055104205	0.0326245295474913	NOTCH2/LGR4/P2RX7/MITF/TNFRSF11A/CLDN18/GREM1/SIGLEC15/SPP1	9
GO:0001819	positive regulation of cytokine production	28/458	483/15041	0.0579710144927536	1.90380355673692	3.57791462333477	0.000877843098891523	0.037402055104205	0.0326245295474913	ZBTB20/TLR3/TLR8/TLR1/TLR7/P2RX7/F2R/HGF/OAS3/KIT/C3AR1/FCGR3A/CCR2/INAVA/GBP5/IL1RAP/CYBB/OAS2/RSAD2/HTR2B/PTPRC/SIGLEC1/SULF1/REG3A/EREG/VTCN1/HHLA2/GATA4	28
GO:0002688	regulation of leukocyte chemotaxis	11/458	117/15041	0.094017094017094	3.08757884522077	4.0172274088014	0.000882229509809253	0.037402055104205	0.0326245295474913	CCR1/C3AR1/CXCL10/CCR2/SLAMF8/FPR2/TNFSF18/PLA2G7/GREM1/CXCL8/S100A14	11
GO:0050678	regulation of epithelial cell proliferation	22/458	344/15041	0.063953488372093	2.10027165634203	3.6584575388511	0.000884091670114207	0.037402055104205	0.0326245295474913	PTPRK/NOTCH2/FGFR2/TGFA/SERPINB5/CLDN1/HTR2B/EPPK1/LRG1/FGF7/ODAM/SULF1/OVOL1/SFN/WNT2/HMGA2/REG3A/PKHD1/REG3G/EREG/GHSR/ALDH1A2	22
GO:0070493	thrombin-activated receptor signaling pathway	4/458	15/15041	0.266666666666667	8.75749636098981	5.3269514304917	0.000886624341558066	0.037402055104205	0.0326245295474913	F2RL2/F2R/IQGAP2/MET	4
GO:0070633	transepithelial transport	6/458	38/15041	0.157894736842105	5.18535968742818	4.5779258063585	0.000930826113170847	0.0388444746797426	0.0338827026593938	SLC1A3/CLDN18/SLC5A1/SLC1A1/SLC9A4/CFTR	6
GO:0060688	regulation of morphogenesis of a branching structure	7/458	52/15041	0.134615384615385	4.42085152838428	4.37907906596277	0.000948263439772761	0.0391511745718945	0.0341502264536304	LGR4/HGF/FGFR2/FGF7/SULF1/WNT2/GREM1	7
GO:0007160	cell-matrix adhesion	17/458	237/15041	0.0717299578059072	2.35565566672194	3.727925698417	0.000971353506315557	0.0396823469264282	0.0346135498760203	PTPRK/ADAM9/EPHA3/PPFIA2/SVEP1/CCL28/ITGBL1/ADAMTS12/ONECUT2/ACER2/CDH11/ITGB6/SIGLEC1/CEACAM6/GREM1/ONECUT1/PKHD1	17
GO:0019058	viral life cycle	19/458	281/15041	0.0676156583629893	2.22053955772429	3.66011777167355	0.00101838092505848	0.0411701705224163	0.0359113273573254	OAS3/GBP5/CCR5/CXCR6/OAS2/RSAD2/NR5A2/CLDN1/ANPEP/ACE2/ITGB6/SIGLEC1/TMPRSS4/OASL/HAVCR1/HMGA2/CR1/NECTIN4/CXCL8	19
GO:0071675	regulation of mononuclear cell migration	12/458	138/15041	0.0869565217391304	2.85570533510537	3.88101148590004	0.00104602226695881	0.0418516744130633	0.0365057798213731	GCSAML/CCR1/C3AR1/CXCL10/CCR2/SLAMF8/FPR2/TNFSF18/PLA2G7/GREM1/S100A14/ADTRP	12
GO:0043269	regulation of monoatomic ion transport	24/458	395/15041	0.0607594936708861	1.99537891769388	3.55271762247155	0.00107078462265198	0.0420327815336646	0.0366637533495886	CXCL11/P2RX7/F2R/CTSS/CCR1/CXCL10/CXCL9/CD84/SCN2B/MYLK/P2RY1/KCNE3/CA2/GRIN2A/KCNJ5/NKAIN3/KCNS1/LPAR3/NOS1/KCNJ15/PRSS8/CFTR/BEST3/CASR	24
GO:0032728	positive regulation of interferon-beta production	6/458	39/15041	0.153846153846154	5.05240174672489	4.49059032217582	0.00107220957790075	0.0420327815336646	0.0366637533495886	ZBTB20/TLR3/TLR8/TLR7/OAS3/OAS2	6
GO:0001889	liver development	12/458	139/15041	0.0863309352517986	2.83516069240677	3.85205463519546	0.00111410534041965	0.0429862104365113	0.0374953966730822	NOTCH2/HGF/MET/TGFA/CLDN1/ONECUT2/HNF1B/E2F8/E2F7/UGT1A10/ONECUT1/ALDH1A2	12
GO:0002685	regulation of leukocyte migration	16/458	219/15041	0.0730593607305936	2.39931407150406	3.69672439626771	0.00111868262151189	0.0429862104365113	0.0374953966730822	KITLG/GCSAML/CCR1/C3AR1/CXCL10/CCR2/SLAMF8/FPR2/CCL28/TNFSF18/PLA2G7/CHST4/GREM1/CXCL8/S100A14/ADTRP	16
GO:0072531	pyrimidine-containing compound transmembrane transport	4/458	16/15041	0.25	8.21015283842795	5.11364342186076	0.00115392773050398	0.043479548758116	0.0379257187664875	AQP9/SLC28A3/SLC28A2/SLC19A3	4
GO:0098915	membrane repolarization during ventricular cardiac muscle cell action potential	4/458	16/15041	0.25	8.21015283842795	5.11364342186076	0.00115392773050398	0.043479548758116	0.0379257187664875	SCN2B/KCNE3/KCNJ5/NOS1	4
GO:1990266	neutrophil migration	10/458	103/15041	0.0970873786407767	3.18840886929241	3.94942681269792	0.00116964022543513	0.0436478241818627	0.0380724996457426	C3AR1/CXCL10/CXCL9/SLAMF8/CXCR2/CCL28/CXCL5/GP2/CXCL8/CXCL6	10
GO:0097530	granulocyte migration	12/458	140/15041	0.0857142857142857	2.81490954460387	3.82335403171945	0.0011858265431541	0.0438304077522007	0.038231761030412	C3AR1/CXCL10/CXCL9/SLAMF8/CXCR2/CCL28/TNFSF18/CXCL5/GP2/CXCL8/S100A14/CXCL6	12
GO:0001934	positive regulation of protein phosphorylation	16/458	222/15041	0.0720720720720721	2.36689090837562	3.63608571374686	0.00129011925818384	0.0472354041604855	0.0412018225850965	TLR3/ANGPT1/KIT/TNFSF15/DDR2/FBN1/TNFSF18/KIF14/FGF7/ODAM/PTPRC/MST1R/HMGA2/ITLN1/IL31RA/EREG	16
GO:0001541	ovarian follicle development	7/458	55/15041	0.127272727272727	4.17971417229059	4.18658374033612	0.00133010689375881	0.0481811307059412	0.0420267474064761	KITLG/KIT/BMPR1B/NR5A2/INHBA/DMRTA1/EREG	7
GO:0061008	hepaticobiliary system development	12/458	142/15041	0.0845070422535211	2.77526293129959	3.76670419858248	0.00134077869524392	0.0481811307059412	0.0420267474064761	NOTCH2/HGF/MET/TGFA/CLDN1/ONECUT2/HNF1B/E2F8/E2F7/UGT1A10/ONECUT1/ALDH1A2	12
GO:0035725	sodium ion transmembrane transport	13/458	162/15041	0.0802469135802469	2.63535770122379	3.70865654052734	0.00138060467248152	0.0484892374763034	0.0422954983723109	P2RX7/SCN2B/SLC6A20/SLC4A4/SLC28A3/GRIN2A/SLC5A1/SCN7A/SLC34A2/NOS1/SLC9A4/SLC9A2/SLC6A14	13
GO:0032496	response to lipopolysaccharide	20/458	311/15041	0.0643086816720257	2.11193642146057	3.51149452889368	0.00139741947329765	0.0484892374763034	0.0422954983723109	ADAM9/P2RX7/F2R/FGFR2/CXCL10/CXCL9/GBP5/CCR5/CCL28/CMPK2/TNFRSF11A/CLDN1/FCAR/CXCL5/FMO1/NOS1/CXCL8/S100A14/GHSR/CXCL6	20
GO:0031069	hair follicle morphogenesis	5/458	28/15041	0.178571428571429	5.86439488459139	4.56569941070495	0.0014099442289598	0.0484892374763034	0.0422954983723109	FGFR2/IGFBP5/FGF7/FOXQ1/PLA2G10	5
GO:0001942	hair follicle development	9/458	88/15041	0.102272727272727	3.3586988884478	3.93262821732178	0.00141353750745111	0.0484892374763034	0.0422954983723109	LGR4/FGFR2/IGFBP5/INHBA/FGF7/FOXQ1/DKK1/LGR5/PLA2G10	9
GO:0032635	interleukin-6 production	12/458	143/15041	0.0839160839160839	2.75585549821358	3.7387465463977	0.00142431668958995	0.0484892374763034	0.0422954983723109	ZBTB20/TLR3/TLR8/TLR1/TLR7/P2RX7/F2R/HGF/INAVA/IL1RAP/EREG/GHSR	12
GO:0032675	regulation of interleukin-6 production	12/458	143/15041	0.0839160839160839	2.75585549821358	3.7387465463977	0.00142431668958995	0.0484892374763034	0.0422954983723109	ZBTB20/TLR3/TLR8/TLR1/TLR7/P2RX7/F2R/HGF/INAVA/IL1RAP/EREG/GHSR	12
