gene	SNP	chr	pos	effect_allele	other_allele	beta	se	pval	eaf	F_stat	exposure
"CXCL10"	"rs6816898"	4	76969057	"C"	"A"	-0.185104033080919	0.00795834890777883	1.1481e-119	0.460926747209053	540.985732810002	"eQTLGen_CXCL10"
"GBP4"	"rs116480401"	1	88977356	"G"	"A"	-0.144710735670726	0.0290636331205893	6.3848e-07	0.0243551562263389	24.7914368099999	"eQTLGen_GBP4"
"GBP4"	"rs506893"	1	89687213	"G"	"T"	-0.229180838576228	0.00885100484205228	7.9441e-148	0.27035965274907	670.45780624	"eQTLGen_GBP4"
"GBP4"	"rs6674748"	1	89712871	"C"	"T"	-0.0929424560024198	0.0104297303426458	5.0392e-19	0.178713401116123	79.4112676900005	"eQTLGen_GBP4"
"GPX4"	"rs1046040"	19	1095514	"A"	"G"	0.505385115020097	0.01056645553386	2.0880515548505e-308	0.221390260740269	2287.63237264	"eQTLGen_GPX4"
"GPX4"	"rs1076266"	19	1124834	"G"	"C"	-0.610014995959587	0.0245608347241237	3.5735e-136	0.0435596864812374	616.871601609998	"eQTLGen_GPX4"
"GPX4"	"rs2288948"	19	1224627	"T"	"C"	-0.155557609058456	0.0287208022337536	6.0879e-08	0.0357002437681843	29.3352224399999	"eQTLGen_GPX4"
"GPX4"	"rs930231"	19	1036444	"A"	"G"	0.111869165989722	0.0111397952650013	9.9431e-24	0.278658091891534	100.847789289999	"eQTLGen_GPX4"
"IDO1"	"rs2729483"	8	39825172	"C"	"A"	-0.121540378305673	0.011630769510299	1.4653e-25	0.183225341972642	109.200410009999	"eQTLGen_IDO1"
"IDO1"	"rs2929105"	8	39909192	"A"	"G"	-0.0519930688460743	0.00966252278356302	7.4073e-08	0.292161339421613	28.9540848100001	"eQTLGen_IDO1"
"IDO1"	"rs7820268"	8	39777529	"T"	"C"	0.293430631758008	0.00910757649404244	9.815e-228	0.330696380923748	1038.01885489	"eQTLGen_IDO1"
"IL15RA"	"rs41294149"	10	5999470	"G"	"C"	-0.163889224125864	0.0258109525207672	2.1588e-10	0.0247412366770557	40.3174201600003	"eQTLGen_IL15RA"
"IL15RA"	"rs687805"	10	5987171	"T"	"C"	0.082118468761202	0.00965611146845737	1.8285e-17	0.257444114565141	72.32311849	"eQTLGen_IL15RA"
"IL15RA"	"rs75009644"	10	5935476	"T"	"C"	-0.140795192177343	0.0219968428730206	1.5456e-10	0.0396926434482131	40.96896049	"eQTLGen_IL15RA"
"IL15RA"	"rs78219614"	10	6124903	"T"	"C"	-0.127424586404372	0.0276127562797955	3.9347e-06	0.0271965464702895	21.2954560899999	"eQTLGen_IL15RA"
"IL15RA"	"rs8177637"	10	6017838	"A"	"G"	0.312007273831759	0.00781068722010502	2.0880515548505e-308	0.481801498700107	1595.69889444	"eQTLGen_IL15RA"
"SLC31A1"	"rs1746137"	9	116140667	"T"	"C"	0.129359925922986	0.0173772770644241	9.7681e-14	0.180096819658067	55.4161136400001	"eQTLGen_SLC31A1"
"SLC31A1"	"rs4390018"	9	115973393	"C"	"T"	-0.365640962534958	0.0115773280308702	6.4008e-219	0.503937910995565	997.454306249999	"eQTLGen_SLC31A1"
"SLC31A1"	"rs6477990"	9	115944091	"A"	"G"	-0.134790250801933	0.0122809004338654	5.0072e-28	0.360310421286031	120.46379536	"eQTLGen_SLC31A1"
"TGFBI"	"rs144603963"	5	135827316	"A"	"G"	-0.367770284298119	0.0345239926682799	1.6956e-26	0.0184823818019625	113.47788676	"eQTLGen_TGFBI"
"TGFBI"	"rs17750709"	5	135566428	"T"	"C"	0.143191562607139	0.0234555698150863	1.0306e-09	0.030135088326983	37.2685830400001	"eQTLGen_TGFBI"
"TGFBI"	"rs59575101"	5	135333171	"G"	"T"	-0.589358114154325	0.0123652630617494	2.0880515548505e-308	0.11411087113031	2271.70437376	"eQTLGen_TGFBI"
"TGFBI"	"rs62364444"	5	135358950	"C"	"T"	0.20059805447712	0.0257216564698569	6.2598e-15	0.0258575622310693	60.82128144	"eQTLGen_TGFBI"
"TGFBI"	"rs72791309"	5	135103529	"T"	"C"	0.24444148610544	0.0450011020279165	5.5788e-08	0.0127515853322305	29.5055376100001	"eQTLGen_TGFBI"
"TGFBI"	"rs72794926"	5	135402349	"G"	"A"	-0.180791680212374	0.0337593935376868	8.5367e-08	0.0165780060533798	28.67923809	"eQTLGen_TGFBI"
"TGFBI"	"rs75063291"	5	135064803	"A"	"G"	0.118690891971343	0.0238565066673387	6.5248e-07	0.031130347927418	24.7526150399998	"eQTLGen_TGFBI"
"TGFBI"	"rs77552972"	5	135235368	"G"	"A"	-0.676881952093702	0.0232302929206876	1.1857e-186	0.0319175463386252	849.017216409997	"eQTLGen_TGFBI"
"TGFBI"	"rs77942170"	5	135472443	"C"	"T"	0.244675575277967	0.0230226556586592	2.2222e-26	0.0330741700604714	112.94588176	"eQTLGen_TGFBI"
"TGFBR3"	"rs1677603"	1	91293532	"G"	"T"	-0.156195731658555	0.0309384248422443	4.4506e-07	0.0201130629788825	25.4883619600001	"eQTLGen_TGFBR3"
"TGFBR3"	"rs36048657"	1	92022364	"T"	"C"	0.107492307503648	0.00902189813368873	9.9342e-33	0.262924360862505	141.957693160001	"eQTLGen_TGFBR3"
"TGFBR3"	"rs4658259"	1	92151760	"C"	"A"	0.0833893773604083	0.0103954744456173	1.0438e-15	0.177168314598293	64.34767089	"eQTLGen_TGFBR3"
